Date,Run,raw_ID,Sample_ID,Plate,pH,Replicate,Fed_Unfed,tet/ply,chaet,total_algae,seston,Time_point,minutes,Notes
20210914,1,A01 Run 1 8.0A time 0,1,NA,8,A,NA,"1,286",59,"1,345",678,0,0,
20210914,1,E01 run 1 7.5 A t=0,5,NA,7.5,A,NA,"1,245",69,"1,314",717,0,0,
20210914,1,A02 8A t=1,1,NA,8,A,NA,"1,169",46,"1,215",713,1,10,
20210914,1,E02 7.5A t=1,5,NA,7.5,A,NA,"1,127",55,"1,182",666,1,10,
20210914,1,A03 8a t=2,1,NA,8,A,NA,"1,154",56,"1,210",636,2,27,
20210914,1,E03 7.5A T=2,5,NA,7.5,A,NA,"1,029",264,"1,293",640,2,27,
20210914,1,A04 8A T=3,1,NA,8,A,NA,"1,109",50,"1,159","2,374",3,47,
20210914,1,E04 7.5A T=3,5,NA,7.5,A,NA,941,41,982,518,3,47,
20210914,1,A05 8A T=4,1,NA,8,A,NA,"1,075",35,"1,110",607,4,57,
20210914,1,E05 7.5a T=4,5,NA,7.5,A,NA,651,28,679,504,4,57,
20210914,1,A06 8A T=5,1,NA,8,A,NA,"1,045",48,"1,093",658,5,70,
20210914,1,E06 7.5a T=5,5,NA,7.5,A,NA,799,48,847,502,5,70,
20210914,1,A07 8A T=7,1,NA,8,A,NA,981,22,"1,003",655,6,90,
20210914,1,E07 7A,5,NA,7.5,A,NA,498,22,520,375,6,90,
20210914,2,B01 Run 2 8.0A t=0,2,NA,8,A,NA,"1,299",113,"1,412",685,0,0,
20210914,2,F01 Run 2 7.5a t=0,6,NA,7.5,A,NA,"1,330",75,"1,405",674,0,0,
20210914,2,B02 8a t=1,2,NA,8,A,NA,"1,080",115,"1,195",621,1,10,
20210914,2,F02 7.5B t=1,6,NA,7.5,A,NA,"1,276",88,"1,364",661,1,10,
20210914,2,B03 8.0A t=2,2,NA,8,A,NA,762,42,804,466,2,20,
20210914,2,F03 7.5b T=2,6,NA,7.5,A,NA,"1,190",61,"1,251",737,2,20,
20210914,2,B04 8A T=3,2,NA,8,A,NA,772,81,853,"1,076",3,30,
20210914,2,F04 7.5A T=3,6,NA,7.5,A,NA,"1,092",76,"1,168",671,3,30,
20210914,2,B05 8A T=4,2,NA,8,A,NA,492,21,513,380,4,40,
20210914,2,F05 7.5A T=4,6,NA,7.5,A,NA,"1,008",45,"1,053",817,4,40,
20210914,2,B06 8.0A T=5,2,NA,8,A,NA,726,37,763,610,5,50,
20210914,2,F06 7A  T=5,6,NA,7.5,A,NA,919,39,958,719,5,50,
20210914,2,B07 8.0A T=7,2,NA,8,A,NA,772,45,817,553,6,70,
20210914,2,F07 7A T=7,6,NA,7.5,A,NA,860,43,903,536,6,70,
20210914,2,B08 8A,2,NA,8,A,NA,532,31,563,415,7,90,
20210914,2,F08 7A ,6,NA,7.5,A,NA,768,31,799,477,7,90,
20210914,3,A03 8D t=0,3,NA,8,A,NA,"1,201",72,"1,273",659,0,0,
20210914,3,A08 7.5a,7,NA,7.5,A,NA,"1,168",57,"1,225",639,0,0,
20210914,3,B03 8.0A T=1,3,NA,8,A,NA,"1,204",49,"1,253",647,1,15,
20210914,3,B08 7.5A T=1,7,NA,7.5,A,NA,"1,141",59,"1,200",588,1,15,
20210914,3,C03 8aC t=3,3,NA,8,A,NA,"1,192",49,"1,241",554,2,30,
20210914,3,C08 7.5a T=3,7,NA,7.5,A,NA,"1,010",54,"1,064",526,2,30,
20210914,3,D03 8A T=4,3,NA,8,A,NA,"1,149",39,"1,188",638,3,45,
20210914,3,D08 7.5A T=4,7,NA,7.5,A,NA,879,36,915,445,3,45,
20210914,3,E03 8A T=4,3,NA,8,A,NA,"1,172",67,"1,239",575,4,60,
20210914,3,E08 7.5A T=4,7,NA,7.5,A,NA,836,45,881,405,4,60,
20210914,3,F03 8A T=5,3,NA,8,A,NA,"1,087",69,"1,156",645,5,75,
20210914,3,F08 7.5A T=5,7,NA,7.5,A,NA,716,58,774,497,5,75,
20210914,3,G03 8.0A T=6,3,NA,8,A,NA,"1,061",64,"1,125","1,572",6,90,
20210914,3,G08 7.5A T=6,7,NA,7.5,A,NA,939,87,"1,026",519,6,90,
20210930,1,A04 Plate 1 Sample 4,4,1,7.5,A,unfed,NA,NA,"1,466",915,0,0,
20210930,1,A05 Plate 1 Sample 5,5,1,8,A,fed,NA,NA,"1,506","1,000",0,0,
20210930,1,A06 Plate 1 Sample 6,6,1,8,A,unfed,NA,NA,"1,459",872,0,0,
20210930,1,B01 Plate 1 Sample 13,13,1,7.5,A,fed,NA,NA,"1,383",770,0,0,
20210930,1,B02 Plate 1 Sample 14,14,1,8,A,unfed,NA,NA,"1,426",864,0,0,
20210930,1,B07 Plate 1 Sample 19,19,1,7.5,A,unfed,NA,NA,"1,432",813,0,0,
20210930,1,C03 Plate 2 Sample 27,27,2,7.5,A,unfed,NA,NA,"1,498",898,0,0,
20210930,1,C11 Plate 2 Sample 35,35,2,8,A,fed,NA,NA,"1,330",785,0,0,
20210930,1,D07 Plate 2 Sample 43,43,2,8,A,unfed,NA,NA,"1,449",923,0,0,
20210930,1,D08 Plate 2 Sample 44,44,2,7.5,A,fed,NA,NA,"1,330",776,0,0,
20210930,1,D09 Plate 2 Sample 45,45,2,7.5,A,fed,NA,NA,"1,560",803,0,0,
20210930,1,D11 Plate 2 Sample 47,47,2,8,A,fed,NA,NA,"1,417",947,0,0,
20210930,1,E04 Plate 1 Sample 4,4,1,7.5,A,unfed,NA,NA,"1,478",945,1,10,
20210930,1,E05 Plate 1 Sample 5,5,1,8,A,fed,NA,NA,933,543,1,10,
20210930,1,E06 Plate 1 Sample 6,6,1,8,A,unfed,NA,NA,"1,351",910,1,10,
20210930,1,F01 Plate 1 Sample 13,13,1,7.5,A,fed,NA,NA,"1,417",762,1,10,
20210930,1,F02 Plate 1 Sample 14,14,1,8,A,unfed,NA,NA,"1,439",856,1,10,
20210930,1,F07 Plate 1 Sample 19,19,1,7.5,A,unfed,NA,NA,"1,445",790,1,10,
20210930,1,G03 Plate 2 Sample 27,27,2,7.5,A,unfed,NA,NA,"1,589","1,182",1,10,
20210930,1,G11 Plate 2 Sample 35,35,2,8,A,fed,NA,NA,"1,229","1,054",1,10,
20210930,1,H07 Plate 2 Sample 43,43,2,8,A,unfed,NA,NA,"1,404","1,216",1,10,
20210930,1,H08 Plate 2 Sample 44,44,2,7.5,A,fed,NA,NA,"1,018",621,1,10,
20210930,1,H09 Plate 2 Sample 45,45,2,7.5,A,fed,NA,NA,"1,628","1,245",1,10,
20210930,1,H11 Plate 2 Sample 47,47,2,8,A,fed,NA,NA,"1,322","1,353",1,10,
20210930,1,A04 Plate 1 Sample 4,4,1,7.5,A,unfed,NA,NA,"1,318",807,2,20,
20210930,1,A05 Plate 1 Sample 5,5,1,8,A,fed,NA,NA,632,425,2,20,
20210930,1,A06 Plate 1 Sample 6,6,1,8,A,unfed,NA,NA,"1,221",702,2,20,
20210930,1,B01 Plate 1 Sample 13,13,1,7.5,A,fed,NA,NA,"1,137",721,2,20,
20210930,1,B02 Plate 1 Sample 14,14,1,8,A,unfed,NA,NA,"1,342",867,2,20,
20210930,1,B07 Plate 1 Sample 19,19,1,7.5,A,unfed,NA,NA,"1,336",875,2,20,
20210930,1,C03 Plate 2 Sample 27,27,2,7.5,A,unfed,NA,NA,"1,545",953,2,20,
20210930,1,C11 Plate 2 Sample 35,35,2,8,A,fed,NA,NA,"1,021",940,2,20,
20210930,1,D07 Plate 2 Sample 43,43,2,8,A,unfed,NA,NA,"1,321","1,096",2,20,
20210930,1,D08 Plate 2 Sample 44,44,2,7.5,A,fed,NA,NA,782,753,2,20,
20210930,1,D09 Plate 2 Sample 45,45,2,7.5,A,fed,NA,NA,"1,332",969,2,20,
20210930,1,D11 Plate 2 Sample 47,47,2,8,A,fed,NA,NA,"1,011","1,104",2,20,
20210930,1,E04 Plate 1 Sample 4,4,1,7.5,A,unfed,NA,NA,"1,275",903,3,30,
20210930,1,E05 Plate 1 Sample 5,5,1,8,A,fed,NA,NA,150,201,3,30,
20210930,1,E06 Plate 1 Sample 6,6,1,8,A,unfed,NA,NA,"1,146",690,3,30,
20210930,1,F01 Plate 1 Sample 13,13,1,7.5,A,fed,NA,NA,848,562,3,30,
20210930,1,F02 Plate 1 Sample 14,14,1,8,A,unfed,NA,NA,"1,525","1,046",3,30,
20210930,1,F07 Plate 1 Sample 19,19,1,7.5,A,unfed,NA,NA,"1,313",792,3,30,
20210930,1,G03 Plate 2 Sample 27,27,2,7.5,A,unfed,NA,NA,"1,370",941,3,30,
20210930,1,G11 Plate 2 Sample 35,35,2,8,A,fed,NA,NA,938,934,3,30,
20210930,1,H07 Plate 2 Sample 43,43,2,8,A,unfed,NA,NA,"1,209",903,3,30,
20210930,1,H08 Plate 2 Sample 44,44,2,7.5,A,fed,NA,NA,"2,333","3,503",3,30,
20210930,1,H09 Plate 2 Sample 45,45,2,7.5,A,fed,NA,NA,"1,212",939,3,30,
20210930,1,H11 Plate 2 Sample 47,47,2,8,A,fed,NA,NA,919,923,3,30,
20210930,1,A04 Plate 1 Sample 4,4,1,7.5,A,unfed,NA,NA,"1,047","1,675",6,60,
20210930,1,A05 Plate 1 Sample 5,5,1,8,A,fed,NA,NA,440,823,6,60,
20210930,1,A06 Plate 1 Sample 6,6,1,8,A,unfed,NA,NA,948,716,6,60,
20210930,1,B01 Plate 1 Sample 13,13,1,7.5,A,fed,NA,NA,384,323,6,60,
20210930,1,B02 Plate 1 Sample 14,14,1,8,A,unfed,NA,NA,"1,105",842,6,60,
20210930,1,B07 Plate 1 Sample 19,19,1,7.5,A,unfed,NA,NA,"1,196",647,6,60,
20210930,1,C03 Plate 2 Sample 27,27,2,7.5,A,unfed,NA,NA,"1,303",960,6,60,
20210930,1,C11 Plate 2 Sample 35,35,2,8,A,fed,NA,NA,851,867,6,60,
20210930,1,D07 Plate 2 Sample 43,43,2,8,A,unfed,NA,NA,"1,351","1,114",6,60,
20210930,1,D08 Plate 2 Sample 44,44,2,7.5,A,fed,NA,NA,525,650,6,60,
20210930,1,D09 Plate 2 Sample 45,45,2,7.5,A,fed,NA,NA,"1,142","1,069",6,60,
20210930,1,D11 Plate 2 Sample 47,47,2,8,A,fed,NA,NA,464,680,6,60,
20210930,2,A05 Plate 1 Sample 5,5,1,8,A,fed,NA,NA,"1,328",783,0,0,
20210930,2,A07 Plate 1 Sample 7,7,1,7.5,A,fed,NA,NA,"1,311",952,0,0,
20210930,2,B04 Plate 1 Sample 16,16,1,8,A,unfed,NA,NA,"1,710","1,214",0,0,
20210930,2,B05 Plate 1 Sample 17,17,1,7.5,A,unfed,NA,NA,"1,541","1,118",0,0,
20210930,2,C01 Plate 2 Sample 19,19,2,7.5,A,fed,NA,NA,"1,599","1,006",0,0,
20210930,2,C06 Plate 2 Sample 24,24,2,8,A,fed,NA,NA,"1,669","1,238",0,0,
20210930,2,C07 Plate 2 Sample 25,25,2,7.5,A,unfed,NA,NA,"1,760","1,196",0,0,
20210930,2,D02 Plate 2 Sample 32,32,2,8,A,unfed,NA,NA,"1,728","1,264",0,0,
20210930,2,D05 Plate 1 Sample 5,5,1,8,A,fed,NA,NA,525,586,2,20,
20210930,2,D07 Plate 1 Sample 7,7,1,7.5,A,fed,NA,NA,390,281,2,20,
20210930,2,H01 P1 R2 T2 7,7,1,7.5,A,fed,NA,NA,"1,107",708,2,20,
20210930,2,E04 Plate 1 Sample 16,16,1,8,A,unfed,NA,NA,"1,426","1,767",2,20,
20210930,2,E05 Plate 1 Sample 17,17,1,7.5,A,unfed,NA,NA,"1,397","1,384",2,20,
20210930,2,E07 Plate 2 Sample 19,19,2,7.5,A,fed,NA,NA,"1,163",992,2,20,
20210930,2,E12 Plate 2 Sample 24,24,2,8,A,fed,NA,NA,"1,456","1,107",2,20,
20210930,2,F01 Plate 2 Sample 25,25,2,7.5,A,unfed,NA,NA,"1,328",981,2,20,
20210930,2,F08 Plate 2 Sample 32,32,2,8,A,unfed,NA,NA,"1,213",977,2,20,
20210930,2,H03 P1 R2 T3 7,7,1,7.5,A,fed,NA,NA,603,385,3,30,
20210930,2,A05 Plate 1 Sample 5,5,1,8,A,fed,NA,NA,360,496,4,40,
20210930,2,A07 Plate 1 Sample 7,7,1,7.5,A,fed,NA,NA,215,214,4,40,
20210930,2,B04 Plate 1 Sample 16,16,1,8,A,unfed,NA,NA,"1,282",964,4,40,
20210930,2,B05 Plate 1 Sample 17,17,1,7.5,A,unfed,NA,NA,"1,704","1,077",4,40,
20210930,2,C01 Plate 2 Sample 19,19,2,7.5,A,fed,NA,NA,750,712,4,40,
20210930,2,C06 Plate 2 Sample 24,24,2,8,A,fed,NA,NA,"1,404","1,352",4,40,
20210930,2,C07 Plate 2 Sample 25,25,2,7.5,A,unfed,NA,NA,"1,211",886,4,40,
20210930,2,D02 Plate 2 Sample 32,32,2,8,A,unfed,NA,NA,"1,095",997,4,40,
20210930,2,G07 P1 R2 T5 7,7,1,7.5,A,fed,NA,NA,"1,041","1,589",5,50,extra
20210930,2,H08 P1 R2 T5 25,25,2,7.5,A,unfed,NA,NA,"1,169",694,5,50,
20210930,2,A05 Plate 1 Sample 5,5,1,8,A,fed,NA,NA,100,176,6,60,
20210930,2,A07 Plate 1 Sample 7,7,1,7.5,A,fed,NA,NA,"1,358","2,879",6,60,extra
20210930,2,B04 Plate 1 Sample 16,16,1,8,A,unfed,NA,NA,"1,199","1,819",6,60,
20210930,2,B05 Plate 1 Sample 17,17,1,7.5,A,unfed,NA,NA,"1,225","1,187",6,60,
20210930,2,B07 Plate 2 Sample 19,19,2,7.5,A,fed,NA,NA,955,"2,317",6,60,
20210930,2,B12 Plate 2 Sample 24,24,2,8,A,fed,NA,NA,"1,264","2,502",6,60,
20210930,2,C01 Plate 2 Sample 25,25,2,7.5,A,unfed,NA,NA,"1,291","1,536",6,60,extra
20210930,2,C08 Plate 2 Sample 32,32,2,8,A,unfed,NA,NA,"1,150","2,248",6,60,
20211026,1,A01 R1 S1 8.0A  T0,1,NA,8,A,fed,926,610,1536,"2,579",0,0,
20211026,1,A04 R1 7.5A T0,5,NA,7.5,A,fed,929,590,1519,"2,593",0,0,
20211026,1,B01 R1 8.0A  T15,1,NA,8,A,fed,5,6,11,232,1,15,
20211026,1,B04 R1 7.5A T15,5,NA,7.5,A,fed,753,495,1248,"2,341",1,15,
20211026,1,C04 R1 7.5A T30,5,NA,7.5,A,fed,520,371,891,"2,812",2,30,
20211026,1,D01 R1 8.0A  T45,1,NA,8,A,fed,2,9,11,366,3,45,
20211026,1,D04 R1 7.5A T45,5,NA,7.5,A,fed,613,433,1046,"3,165",3,45,
20211026,1,E01 R1 8.0A  T60,1,NA,8,A,fed,3,12,15,80,4,60,
20211026,1,E04 R1 7.5A T60,5,NA,7.5,A,fed,296,215,511,"1,497",4,60,
20211026,2,A08 R2 8.0A T0,2,NA,8,A,fed,401,"2,091",2492,"6,159",0,0,
20211026,2,A11 R2 7.5A T0,6,NA,7.5,A,fed,412,"2,184",2596,"7,428",0,0,
20211026,2,B08 R2 8.0A T15,2,NA,8,A,fed,146,"1,106",1252,"4,122",1,15,
20211026,2,B11 R2 7.5A T15,6,NA,7.5,A,fed,39,331,370,"1,131",1,15,
20211026,2,C08 R2 8.0A T30,2,NA,8,A,fed,8,170,178,540,2,30,
20211026,2,C11 R2 7.5A T30,6,NA,7.5,A,fed,5,48,53,"1,879",2,30,
20211026,2,D08 R2 8.0A T45,2,NA,8,A,fed,1,5,6,265,3,45,
20211026,2,D11 R2 7.5A T45,6,NA,7.5,A,fed,0,2,2,123,3,45,
20211026,2,E08 R2 8.0A T60,2,NA,8,A,fed,6,21,27,322,4,60,
20211026,2,E11 R2 7.5A T60,6,NA,7.5,A,fed,73,221,294,"7,756",4,60,
20211026,1_B,A01 S1 T0,1,NA,8,A,unfed,192,"1,108","1,300","3,308",0,0,
20211026,1_B,A03 S3 T0,3,NA,7.5,A,unfed,197,"1,115","1,312","3,324",0,0,
20211026,1_B,A06 S6 T0,6,NA,7.5,A,unfed,206,"1,029","1,235","2,960",0,0,
20211026,1_B,B03 S15 T0,15,NA,8,A,unfed,177,937,"1,114","2,543",0,0,
20211026,1_B,C01 S1 T15,1,NA,8,A,unfed,145,"1,159","1,304","4,086",1,15,
20211026,1_B,C03 S3  T15,3,NA,7.5,A,unfed,109,"1,000","1,109","3,024",1,15,
20211026,1_B,C06 S6  T15,6,NA,7.5,A,unfed,71,861,932,"2,798",1,15,
20211026,1_B,D03 S15 T15,15,NA,8,A,unfed,80,922,"1,002","2,400",1,15,
20211026,1_B,E01 S1 T30,1,NA,8,A,unfed,102,"1,022","1,124","3,054",2,30,
20211026,1_B,E03 S3  T30,3,NA,7.5,A,unfed,83,932,"1,015","2,917",2,30,
20211026,1_B,E06 S6  T30,6,NA,7.5,A,unfed,62,833,895,"2,619",2,30,
20211026,1_B,F03 S15 T30,15,NA,8,A,unfed,57,853,910,"1,992",2,30,
20211026,1_B,G01 S1 T45,1,NA,8,A,unfed,86,998,"1,084","4,443",3,45,
20211026,1_B,G03 S3 T45,3,NA,7.5,A,unfed,54,687,741,"2,203",3,45,
20211026,1_B,G06 S6 T45,6,NA,7.5,A,unfed,54,736,790,"2,454",3,45,
20211026,1_B,H03 S15 T45,15,NA,8,A,unfed,49,799,848,"2,002",3,45,
20211026,1_B,A01 S1 T60,1,NA,8,A,unfed,80,859,939,"1,999",4,60,
20211026,1_B,A03 S3 T60,3,NA,7.5,A,unfed,52,914,966,"2,612",4,60,
20211026,1_B,A06 S6 T60,6,NA,7.5,A,unfed,31,863,894,"2,556",4,60,
20211026,1_B,B03 S15 T60,15,NA,8,A,unfed,50,814,864,"2,868",4,60,
20210914,1,B01 Run 18.0B t=0,2,NA,8,B,NA,"1,269",63,"1,332",733,0,0,
20210914,1,F01 Run 1 7.5 B t=0,6,NA,7.5,B,NA,"1,255",75,"1,330",723,0,0,
20210914,1,B02 8B t=1,2,NA,8,B,NA,"1,251",60,"1,311",691,1,10,
20210914,1,F02 7.5B t=1,6,NA,7.5,B,NA,"1,270",66,"1,336",744,1,10,
20210914,1,B03 8.0B t=2,2,NA,8,B,NA,"1,170",63,"1,233",628,2,27,
20210914,1,F03 7.5b T=2,6,NA,7.5,B,NA,"1,053",52,"1,105",618,2,27,
20210914,1,B04 8B T=3,2,NA,8,B,NA,"1,101",56,"1,157",921,3,47,
20210914,1,F04 7.5b T=3,6,NA,7.5,B,NA,979,45,"1,024",699,3,47,
20210914,1,B05 8B T=4,2,NA,8,B,NA,927,48,975,534,4,57,
20210914,1,F05 7.5b T=4,6,NA,7.5,B,NA,786,35,821,480,4,57,
20210914,1,B06 8.0b T=5,2,NA,8,B,NA,950,47,997,572,5,70,
20210914,1,F06 2 8-5-21,6,NA,7.5,B,NA,754,29,783,487,5,70,
20210914,1,B07 8.0B T=7,2,NA,8,B,NA,715,49,764,408,6,90,
20210914,1,F07 7b T=7,6,NA,7.5,B,NA,672,28,700,515,6,90,
20210914,2,C01 Run 2 8B t=0,3,NA,8,B,NA,"1,284",105,"1,389",732,0,0,
20210914,2,G01 run 2 t=0 7.5B,7,NA,7.5,B,NA,"1,258",88,"1,346",949,0,0,
20210914,2,C02 8B t=1,3,NA,8,B,NA,"1,192",58,"1,250",755,1,10,
20210914,2,G02 7.5B t=1,7,NA,7.5,B,NA,"1,091",77,"1,168",654,1,10,
20210914,2,C03 8B t=2,3,NA,8,B,NA,"1,192",51,"1,243",743,2,20,
20210914,2,G03 7.5B t=2,7,NA,7.5,B,NA,"1,067",52,"1,119",596,2,20,
20210914,2,C04 8B T=3,3,NA,8,B,NA,"1,035",109,"1,144",730,3,30,
20210914,2,G04 7.5B T=3,7,NA,7.5,B,NA,815,114,929,530,3,30,
20210914,2,C05 8.0B T=4,3,NA,8,B,NA,"1,094",33,"1,127","1,383",4,40,
20210914,2,G05 7.5B T=4,7,NA,7.5,B,NA,777,39,816,524,4,40,
20210914,2,C06 8.0B T=5,3,NA,8,B,NA,941,34,975,632,5,50,
20210914,2,G06 7.5B T=5,7,NA,7.5,B,NA,511,25,536,363,5,50,
20210914,2,C07 8B T=7,3,NA,8,B,NA,991,44,"1,035",603,6,70,
20210914,2,G07 7B T=7,7,NA,7.5,B,NA,243,17,260,212,6,70,
20210914,2,C08 8B,3,NA,8,B,NA,851,38,889,542,7,90,
20210914,2,G08 7B,7,NA,7.5,B,NA,180,12,192,184,7,90,
20210914,4,A01 8B T=0,1,NA,8,B,NA,"1,281",158,"1,439","2,371",0,0,
20210914,4,A06 7.5 T=0,5,NA,7.5,B,NA,"1,227",99,"1,326","1,257",0,0,
20210914,4,B01 8.0B T=1,1,NA,8,B,NA,920,156,"1,076",848,1,15,
20210914,4,B06 7.5B T=1,5,NA,7.5,B,NA,"1,295",127,"1,422","1,116",1,15,
20210914,4,C01 8B T=2,1,NA,8,B,NA,"1,163",127,"1,290",943,2,30,
20210914,4,C06 7.5B T=2,5,NA,7.5,B,NA,975,142,"1,117",947,2,30,
20210914,4,D01 8B T=3,1,NA,8,B,NA,"1,113",50,"1,163","1,109",3,45,
20210914,4,D06 7.5B T=3,5,NA,7.5,B,NA,867,111,978,858,3,45,
20210914,4,E01 8B T=4,1,NA,8,B,NA,"1,134",43,"1,177","1,173",4,60,
20210914,4,E06 7.5B T=4,5,NA,7.5,B,NA,762,33,795,"1,113",4,60,
20210914,4,F01 8B T=5,1,NA,8,B,NA,"1,124",35,"1,159",693,5,75,
20210914,4,F06 7.5B T=5,5,NA,7.5,B,NA,"1,706",74,"1,780","2,092",5,75,
20210914,4,G01 8.0B T=6,1,NA,8,B,NA,"1,118",27,"1,145",696,6,90,
20210914,4,G06 7.5B T=6,5,NA,7.5,B,NA,627,32,659,653,6,90,
20210930,1,A07 Plate 1 Sample 7,7,1,8,B,unfed,NA,NA,"1,423",871,0,0,
20210930,1,A11 Plate 1 Sample 11 ,11,1,8,B,unfed,NA,NA,"1,426",886,0,0,
20210930,1,B03 Plate 1 Sample 15,15,1,7.5,B,unfed,NA,NA,"1,485",904,0,0,
20210930,1,B04 Plate 1 Sample 16,16,1,8,B,fed,NA,NA,"1,453",780,0,0,
20210930,1,B08 Plate 1 Sample 20,20,1,7.5,B,fed,NA,NA,"1,338",770,0,0,
20210930,1,B10 Plate 1 Sample 22,22,1,8,B,unfed,NA,NA,"1,406",869,0,0,
20210930,1,C01 Plate 2 Sample 25,25,2,7.5,B,fed,NA,NA,"1,519",745,0,0,
20210930,1,C04 Plate 2 Sample 28,28,2,8,B,fed,NA,NA,"1,432",890,0,0,
20210930,1,C07 Plate 2 Sample 31,31,2,7.5,B,unfed,NA,NA,"1,342",936,0,0,
20210930,1,D05 Plate 2 Sample 41,41,2,8,B,unfed,NA,NA,"1,588",875,0,0,
20210930,1,D06 Plate 2 Sample 42,42,2,8,B,fed,NA,NA,"1,150",690,0,0,
20210930,1,D10 Plate 2 Sample 46,46,2,7.5,B,fed,NA,NA,"1,558",790,0,0,
20210930,1,E07 Plate 1 Sample 7,7,1,8,B,unfed,NA,NA,"1,373",856,1,10,
20210930,1,E11 Plate 1 Sample 11,11,1,8,B,unfed,NA,NA,"1,461",867,1,10,
20210930,1,F03 Plate 1 Sample 15,15,1,7.5,B,unfed,NA,NA,"1,351",756,1,10,
20210930,1,F04 Plate 1 Sample 16,16,1,8,B,fed,NA,NA,"1,271",835,1,10,
20210930,1,F08 Plate 1 Sample 20,20,1,7.5,B,fed,NA,NA,"1,311",849,1,10,
20210930,1,F10 Plate 1 Sample 22,22,1,8,B,unfed,NA,NA,"1,354",801,1,10,
20210930,1,G01 Plate 2 Sample 25,25,2,7.5,B,fed,NA,NA,"1,178",761,1,10,
20210930,1,G04 Plate 2 Sample 28,28,2,8,B,fed,NA,NA,"1,475","1,819",1,10,
20210930,1,G07 Plate 2 Sample 31,31,2,7.5,B,unfed,NA,NA,"1,629","1,944",1,10,
20210930,1,H05 Plate 2 Sample 41,41,2,8,B,unfed,NA,NA,"1,219","1,030",1,10,
20210930,1,H06 Plate 2 Sample 42,42,2,8,B,fed,NA,NA,733,585,1,10,
20210930,1,H10 Plate 2 Sample 46,46,2,7.5,B,fed,NA,NA,"1,386",873,1,10,
20210930,1,A07 Plate 1 Sample 7,7,1,8,B,unfed,NA,NA,"1,428",949,2,20,
20210930,1,A11 Plate 1 Sample 11 ,11,1,8,B,unfed,NA,NA,"1,495",956,2,20,
20210930,1,B03 Plate 1 Sample 15,15,1,7.5,B,unfed,NA,NA,"1,528",861,2,20,
20210930,1,B04 Plate 1 Sample 16,16,1,8,B,fed,NA,NA,721,493,2,20,
20210930,1,B08 Plate 1 Sample 20,20,1,7.5,B,fed,NA,NA,"1,131",834,2,20,
20210930,1,B10 Plate 1 Sample 22,22,1,8,B,unfed,NA,NA,"1,337",891,2,20,
20210930,1,C01 Plate 2 Sample 25,25,2,7.5,B,fed,NA,NA,"1,543","1,156",2,20,
20210930,1,C04 Plate 2 Sample 28,28,2,8,B,fed,NA,NA,"1,421","1,826",2,20,
20210930,1,C07 Plate 2 Sample 31,31,2,7.5,B,unfed,NA,NA,"1,141","1,232",2,20,
20210930,1,D05 Plate 2 Sample 41,41,2,8,B,unfed,NA,NA,629,668,2,20,
20210930,1,D06 Plate 2 Sample 42,42,2,8,B,fed,NA,NA,397,424,2,20,
20210930,1,D10 Plate 2 Sample 46,46,2,7.5,B,fed,NA,NA,"1,458","1,065",2,20,
20210930,1,E07 Plate 1 Sample 7,7,1,8,B,unfed,NA,NA,"1,108",884,3,30,
20210930,1,E11 Plate 1 Sample 11,11,1,8,B,unfed,NA,NA,"1,295",982,3,30,
20210930,1,F03 Plate 1 Sample 15,15,1,7.5,B,unfed,NA,NA,"1,405",807,3,30,
20210930,1,F04 Plate 1 Sample 16,16,1,8,B,fed,NA,NA,596,634,3,30,
20210930,1,F08 Plate 1 Sample 20,20,1,7.5,B,fed,NA,NA,"1,305",985,3,30,
20210930,1,F10 Plate 1 Sample 22,22,1,8,B,unfed,NA,NA,"1,193",866,3,30,
20210930,1,G01 Plate 2 Sample 25,25,2,7.5,B,fed,NA,NA,"1,217",944,3,30,
20210930,1,G04 Plate 2 Sample 28,28,2,8,B,fed,NA,NA,"1,213","1,964",3,30,
20210930,1,G07 Plate 2 Sample 31,31,2,7.5,B,unfed,NA,NA,"1,072",868,3,30,
20210930,1,H05 Plate 2 Sample 41,41,2,8,B,unfed,NA,NA,"1,097","1,030",3,30,
20210930,1,H06 Plate 2 Sample 42,42,2,8,B,fed,NA,NA,237,"1,397",3,30,
20210930,1,H10 Plate 2 Sample 46,46,2,7.5,B,fed,NA,NA,"1,387",945,3,30,
20210930,1,A07 Plate 1 Sample 7,7,1,8,B,unfed,NA,NA,828,852,6,60,
20210930,1,A11 Plate 1 Sample 11 ,11,1,8,B,unfed,NA,NA,"1,052",771,6,60,
20210930,1,B03 Plate 1 Sample 15,15,1,7.5,B,unfed,NA,NA,"1,425",897,6,60,
20210930,1,B04 Plate 1 Sample 16,16,1,8,B,fed,NA,NA,187,"1,182",6,60,
20210930,1,B08 Plate 1 Sample 20,20,1,7.5,B,fed,NA,NA,"1,120",843,6,60,
20210930,1,B10 Plate 1 Sample 22,22,1,8,B,unfed,NA,NA,"1,208",829,6,60,
20210930,1,C01 Plate 2 Sample 25,25,2,7.5,B,fed,NA,NA,"1,185","1,269",6,60,
20210930,1,C04 Plate 2 Sample 28,28,2,8,B,fed,NA,NA,"1,340","1,276",6,60,
20210930,1,C07 Plate 2 Sample 31,31,2,7.5,B,unfed,NA,NA,"1,005","1,467",6,60,
20210930,1,D05 Plate 2 Sample 41,41,2,8,B,unfed,NA,NA,562,"1,939",6,60,
20210930,1,D06 Plate 2 Sample 42,42,2,8,B,fed,NA,NA,279,"2,243",6,60,
20210930,1,D10 Plate 2 Sample 46,46,2,7.5,B,fed,NA,NA,"1,180",829,6,60,
20210930,2,A06 Plate 1 Sample 6,6,1,8,B,unfed,NA,NA,"1,465",890,0,0,
20210930,2,A09 Plate 1 Sample 9,9,1,7.5,B,fed,NA,NA,"1,668","1,135",0,0,
20210930,2,A12 Plate 1 Sample 12,12,1,8,B,unfed,NA,NA,"1,550","1,329",0,0,
20210930,2,B03 Plate 1 Sample 15,15,1,7.5,B,unfed,NA,NA,"1,140",715,0,0,
20210930,2,C02 Plate 2 Sample 20,20,2,7.5,B,unfed,NA,NA,"1,416","1,038",0,0,
20210930,2,C08 Plate 2 Sample 26,26,2,8,B,fed,NA,NA,"1,873","1,422",0,0,
20210930,2,D03 Plate 2 Sample 33,33,2,7.5,B,fed,NA,NA,"1,548","1,066",0,0,
20210930,2,D04 Plate 2 Sample 34,34,2,8,B,fed,NA,NA,"1,466","1,077",0,0,
20210930,2,D06 Plate 1 Sample 6,6,1,8,B,unfed,NA,NA,"1,730","2,430",2,20,
20210930,2,D09 Plate 1 Sample 9,9,1,7.5,B,fed,NA,NA,"1,153",923,2,20,
20210930,2,D12 Plate 1 Sample 12,12,1,8,B,unfed,NA,NA,"1,182","1,155",2,20,
20210930,2,E03 Plate 1 Sample 15,15,1,7.5,B,unfed,NA,NA,"1,392","1,424",2,20,
20210930,2,G12 P1 R2 T2 15,15,1,7.5,B,unfed,NA,NA,"1,314",953,2,20,
20210930,2,E08 Plate 2 Sample 20,20,2,7.5,B,unfed,NA,NA,"1,439","1,009",2,20,
20210930,2,F02 Plate 2 Sample 26,26,2,8,B,fed,NA,NA,"1,024","1,228",2,20,
20210930,2,F09 Plate 2 Sample 33,33,2,7.5,B,fed,NA,NA,"1,224",860,2,20,
20210930,2,F10 Plate 2 Sample 34,34,2,8,B,fed,NA,NA,913,664,2,20,
20210930,2,H04 P1 R2 T3 6 ,6,1,8,B,unfed,NA,NA,"1,181",896,3,30,
20210930,2,H07 P2 R2 T3 20,20,2,7.5,B,unfed,NA,NA,"1,504","2,065",3,30,
20210930,2,A06 Plate 1 Sample 6,6,1,8,B,unfed,NA,NA,"1,236","1,083",4,40,
20210930,2,A09 Plate 1 Sample 9,9,1,7.5,B,fed,NA,NA,867,792,4,40,
20210930,2,A12 Plate 1 Sample 12,12,1,8,B,unfed,NA,NA,"1,141","1,160",4,40,
20210930,2,B03 Plate 1 Sample 15,15,1,7.5,B,unfed,NA,NA,"1,364",887,4,40,
20210930,2,C02 Plate 2 Sample 24,20,2,7.5,B,unfed,NA,NA,"1,301",890,4,40,
20210930,2,C08 Plate 2 Sample 26,26,2,8,B,fed,NA,NA,644,739,4,40,
20210930,2,D03 Plate 2 Sample 33,33,2,7.5,B,fed,NA,NA,905,642,4,40,
20210930,2,D04 Plate 2 Sample 34,34,2,8,B,fed,NA,NA,662,544,4,40,
20210930,2,G06 P1 R2 T5 9,9,1,7.5,B,fed,NA,NA,333,"1,047",5,50,
20210930,2,G04 P2 R2 T5 20,20,2,7.5,B,unfed,NA,NA,"1,487",989,5,50,
20210930,2,A06 Plate 1 Sample 6,6,1,8,B,unfed,NA,NA,"1,042","1,093",6,60,extra
20210930,2,A09 Plate 1 Sample 9,9,1,7.5,B,fed,NA,NA,"1,432","3,512",6,60,
20210930,2,A12 Plate 1 Sample 12,12,1,8,B,unfed,NA,NA,"1,239","3,080",6,60,
20210930,2,B03 Plate 1 Sample 15,15,1,7.5,B,unfed,NA,NA,"1,256","1,762",6,60,extra
20210930,2,B08 Plate 2 Sample 20,20,2,7.5,B,unfed,NA,NA,"1,433","2,252",6,60,extra
20210930,2,C02 Plate 2 Sample 26,26,2,8,B,fed,NA,NA,412,"1,063",6,60,
20210930,2,C09 Plate 2 Sample 33,33,2,7.5,B,fed,NA,NA,669,"1,839",6,60,
20210930,2,C10 Plate 2 Sample 34,34,2,8,B,fed,NA,NA,636,"1,756",6,60,
20211026,1,A02 R1 S2 8.0B T0,2,NA,8,B,fed,917,593,1510,"2,322",0,0,
20211026,1,A05 R1 S6 7.5B T0,6,NA,7.5,B,fed,901,637,1538,"2,844",0,0,
20211026,1,B02 R1 S2 8.0B T15,2,NA,8,B,fed,653,469,1122,"2,047",1,15,
20211026,1,B05 R1 7.5B T15,6,NA,7.5,B,fed,749,563,1312,"2,651",1,15,
20211026,1,C02 R1 8.0B T30,2,NA,8,B,fed,49,41,90,611,2,30,MISSING C1?
20211026,1,C05 R1 7.5B T30,6,NA,7.5,B,fed,732,509,1241,"3,899",2,30,
20211026,1,D02 R1 8.0B T45,2,NA,8,B,fed,228,172,400,"1,391",3,45,
20211026,1,D05 R1 7.5B T45,6,NA,7.5,B,fed,609,407,1016,"2,141",3,45,
20211026,1,E02 R1 8.0B T60,2,NA,8,B,fed,325,240,565,"1,191",4,60,
20211026,1,E05 R1 7.5B T60,6,NA,7.5,B,fed,537,358,895,"2,038",4,60,
20211026,2,A09 R2 8.0B T0,3,NA,8,B,fed,447,"2,113",2560,"7,349",0,0,
20211026,2,A12 R2 7.5B T0,7,NA,7.5,B,fed,439,"2,059",2498,"7,683",0,0,
20211026,2,B09 R2 8.0B T15,3,NA,8,B,fed,27,167,194,607,1,15,
20211026,2,B12 R2 7.5B T15,7,NA,7.5,B,fed,141,"1,204",1345,"3,367",1,15,
20211026,2,C09 R2 8.0B T30,3,NA,8,B,fed,0,10,10,182,2,30,
20211026,2,C12 R2 7.5B T30,7,NA,7.5,B,fed,3,64,67,317,2,30,
20211026,2,D09 R2 8.0B T45,3,NA,8,B,fed,13,26,39,"2,973",3,45,
20211026,2,D12 R2 7.5B T45,7,NA,7.5,B,fed,2,7,9,188,3,45,
20211026,2,E09 R2 8.0B T60,3,NA,8,B,fed,0,2,2,110,4,60,
20211026,2,E12 R2 7.5B T60,7,NA,7.5,B,fed,1,3,4,199,4,60,
20211026,3,A06 R3 S6 T0,6,NA,7.5,B,fed,275,"1,263","1,538","4,801",0,0,
20211026,3,B06 R3 S6 T15,6,NA,7.5,B,fed,15,108,123,629,1,15,
20211026,3,C06 R3 S6 T30,6,NA,7.5,B,fed,0,10,10,187,2,30,
20211026,3,D06 R3 S6 T45,6,NA,7.5,B,fed,1,16,17,145,3,45,
20211026,3,E06 R3 S6 T60,6,NA,7.5,B,fed,0,12,12,233,4,60,
20211026,1_B,A04 S4 T0,4,NA,8,B,unfed,223,"1,166","1,389","3,773",0,0,
20211026,1_B,A05 S5 T0,5,NA,7.5,B,unfed,233,"1,178","1,411","3,674",0,0,
20211026,1_B,A11 S11 T0,11,NA,7.5,B,unfed,215,975,"1,190","2,237",0,0,
20211026,1_B,A12 S12 T0,12,NA,8,B,unfed,259,"1,064","1,323","2,453",0,0,
20211026,1_B,B08 S20 T0,20,NA,7.5,B,unfed,228,"1,103","1,331","3,628",0,0,
20211026,1_B,C04 S4  T15,4,NA,8,B,unfed,105,"1,163","1,268","3,502",1,15,
20211026,1_B,C05 S5  T15,5,NA,7.5,B,unfed,98,"1,041","1,139","3,255",1,15,
20211026,1_B,C11 S11  T15,11,NA,7.5,B,unfed,113,909,"1,022","3,208",1,15,
20211026,1_B,C12 S12 T15,12,NA,8,B,unfed,99,"1,045","1,144","3,374",1,15,
20211026,1_B,D08 S20 T15,20,NA,7.5,B,unfed,96,914,"1,010","2,628",1,15,
20211026,1_B,E04 S4  T30,4,NA,8,B,unfed,92,"1,003","1,095","2,994",2,30,
20211026,1_B,E05 S5  T30,5,NA,7.5,B,unfed,101,991,"1,092","2,632",2,30,
20211026,1_B,E11 S11  T30,11,NA,7.5,B,unfed,77,950,"1,027","2,632",2,30,
20211026,1_B,E12 S12  T30,12,NA,8,B,unfed,76,990,"1,066","2,692",2,30,
20211026,1_B,F08 S20 T30,20,NA,7.5,B,unfed,74,882,956,"2,685",2,30,
20211026,1_B,G04 S4 T45,4,NA,8,B,unfed,49,969,"1,018","3,443",3,45,
20211026,1_B,G05 S5 T45,5,NA,7.5,B,unfed,58,865,923,"2,854",3,45,
20211026,1_B,G11 S11 T45,11,NA,7.5,B,unfed,42,781,823,"1,910",3,45,
20211026,1_B,G12 S12 T45,12,NA,8,B,unfed,67,935,"1,002","2,725",3,45,
20211026,1_B,H08 S20 T45,20,NA,7.5,B,unfed,50,605,655,"1,637",3,45,
20211026,1_B,A04 S4 T60,4,NA,8,B,unfed,73,953,"1,026","3,090",4,60,
20211026,1_B,A05 S5 T60,5,NA,7.5,B,unfed,60,610,670,"2,230",4,60,
20211026,1_B,A11 S11 T60,11,NA,7.5,B,unfed,51,823,874,"2,312",4,60,
20211026,1_B,A12 S12 T60,12,NA,8,B,unfed,63,921,984,"2,746",4,60,
20211026,1_B,B08 S20 T60,20,NA,7.5,B,unfed,47,896,943,"2,752",4,60,
20210914,1,D01 blank t=0,4,NA,8,blank,blank,"1,275",74,"1,349",767,0,0,
20210914,1,H01 blank t=0,8,NA,7.5,blank,blank,"1,245",74,"1,319",667,0,0,
20210914,1,D02 blank t=1,4,NA,8,blank,blank,"1,273",61,"1,334",698,1,10,
20210914,1,H02 blank t=1,8,NA,7.5,blank,blank,"1,306",74,"1,380",738,1,10,
20210914,1,D03 BLANK,4,NA,8,blank,blank,"1,329",201,"1,530",755,2,27,
20210914,1,H03 BLANK,8,NA,7.5,blank,blank,"1,226",198,"1,424",795,2,27,
20210914,1,D04 BLANK,4,NA,8,blank,blank,"1,215",79,"1,294",759,3,47,
20210914,1,H04 BLANK T=30,8,NA,7.5,blank,blank,"1,248",73,"1,321",748,3,47,
20210914,1,D05 BLANK,4,NA,8,blank,blank,"1,228",60,"1,288",713,4,57,
20210914,1,H05 BLANK T =4,8,NA,7.5,blank,blank,"1,204",48,"1,252",693,4,57,
20210914,1,D06 BLANK T=5,4,NA,8,blank,blank,"1,256",45,"1,301",695,5,70,
20210914,1,H06 BLANK T=5,8,NA,7.5,blank,blank,"1,302",46,"1,348",701,5,70,
20210914,1,D07 BLANK T=7,4,NA,8,blank,blank,"1,266",63,"1,329",660,6,90,
20210914,1,H07 BLANK T=7,8,NA,7.5,blank,blank,"1,235",43,"1,278",703,6,90,
20210914,2,D01 blank t=0,4,NA,8,blank,blank,"1,209",99,"1,308",642,0,0,
20210914,2,H01 blank t=0,8,NA,7.5,blank,blank,"1,263",83,"1,346","1,077",0,0,
20210914,2,D02 blank t=1,4,NA,8,blank,blank,"1,218",71,"1,289",634,1,10,
20210914,2,H02 blank t=1,8,NA,7.5,blank,blank,"1,232",106,"1,338",801,1,10,
20210914,2,D03 BLANK,4,NA,8,blank,blank,"1,275",65,"1,340",653,2,20,
20210914,2,H03 BLANK,8,NA,7.5,blank,blank,"1,186",57,"1,243",675,2,20,
20210914,2,D04 BLANK,4,NA,8,blank,blank,"1,219",223,"1,442",828,3,30,
20210914,2,H04 BLANK T=30,8,NA,7.5,blank,blank,"1,189",77,"1,266",619,3,30,
20210914,2,D05 BLANK,4,NA,8,blank,blank,"1,180",47,"1,227",632,4,40,
20210914,2,H05 BLANK T =4,8,NA,7.5,blank,blank,"1,211",52,"1,263",677,4,40,
20210914,2,D06 BLANK T=5,4,NA,8,blank,blank,"1,208",50,"1,258",683,5,50,
20210914,2,H06 BLANK T=5,8,NA,7.5,blank,blank,"1,178",46,"1,224",638,5,50,
20210914,2,D07 BLANK T=7,4,NA,8,blank,blank,"1,230",70,"1,300",678,6,70,
20210914,2,H07 BLANK T=7,8,NA,7.5,blank,blank,"1,167",50,"1,217",651,6,70,
20210914,2,D08 BLANK,4,NA,8,blank,blank,"1,136",139,"1,275",594,7,90,
20210914,2,H08 BLANK,8,NA,7.5,blank,blank,"1,128",37,"1,165",720,7,90,
20210914,3,A04 BLANK T=0,4,NA,8,blank,blank,"1,288",109,"1,397",639,0,0,
20210914,3,A09 BLANK T=0,8,NA,7.5,blank,blank,"1,212",68,"1,280",845,0,0,
20210914,3,B04 BLANK T=1,4,NA,8,blank,blank,"1,218",66,"1,284",595,1,15,
20210914,3,B09 BLANK T=1,8,NA,7.5,blank,blank,"1,210",47,"1,257",725,1,15,
20210914,3,C04 BLANK,4,NA,8,blank,blank,"1,198",47,"1,245",619,2,30,
20210914,3,C09 BLANK T=3,8,NA,7.5,blank,blank,"1,155",73,"1,228",767,2,30,
20210914,3,D04 BLANK T=4,4,NA,8,blank,blank,"1,170",63,"1,233",635,3,45,
20210914,3,D09 BLANK T=4,8,NA,7.5,blank,blank,"1,250",57,"1,307",861,3,45,
20210914,3,E04 BLANK T=4,4,NA,8,blank,blank,"1,377",87,"1,464",830,4,60,
20210914,3,E09 BLANK,8,NA,7.5,blank,blank,"1,382",61,"1,443",973,4,60,
20210914,3,F04 BLANK T=5,4,NA,8,blank,blank,"1,220",237,"1,457",574,5,75,
20210914,3,F09 BLANK T=5,8,NA,7.5,blank,blank,"1,213",120,"1,333",880,5,75,
20210914,3,G04 BLANK,4,NA,8,blank,blank,"1,172",67,"1,239",706,6,90,
20210914,3,G09 BLANK,8,NA,7.5,blank,blank,"1,422",150,"1,572",924,6,90,
20210914,4,A04 BLANK T=0,4,NA,8,blank,blank,"1,327",73,"1,400",724,0,0,
20210914,4,A09 BLANK,8,NA,7.5,blank,blank,"1,287",84,"1,371",650,0,0,
20210914,4,B04 BLANK T=1,4,NA,8,blank,blank,"1,269",173,"1,442",659,1,15,
20210914,4,B09 BLANK T=1,8,NA,7.5,blank,blank,"1,246",122,"1,368",645,1,15,
20210914,4,C04 BLANK T=2,4,NA,8,blank,blank,"1,262",145,"1,407",688,2,30,
20210914,4,C09 BLANK T=2,8,NA,7.5,blank,blank,"1,149",86,"1,235",632,2,30,
20210914,4,D04 BLANK T=3,4,NA,8,blank,blank,"1,243",116,"1,359",662,3,45,
20210914,4,D09 BLANK T=3,8,NA,7.5,blank,blank,"1,280",113,"1,393",709,3,45,
20210914,4,E04 BLANK T=4,4,NA,8,blank,blank,"1,156",40,"1,196",708,4,60,
20210914,4,E09 BLANK T=4,8,NA,7.5,blank,blank,"1,198",47,"1,245",644,4,60,
20210914,4,F04 BLANK T=5,4,NA,8,blank,blank,"1,213",37,"1,250",691,5,75,
20210914,4,F09 BLANK T=5,8,NA,7.5,blank,blank,"1,229",45,"1,274",606,5,75,
20210914,4,G04 BLANK T=6,4,NA,8,blank,blank,"1,199",48,"1,247",736,6,90,
20211026,1,F01 R1 S4 8 Blank,4,NA,8,blank,blank,962,575,1537,"2,480",0,0,
20211026,1,F02 R1 S4 T15,4,NA,8,blank,blank,763,557,1320,"2,899",1,15,
20211026,1,G01 R3 balnk 7.5 t=1,8,NA,7.5,blank,blank,765,517,1282,"4,857",1,15,
20211026,1,F03 blank 8.0 t=2,4,NA,8,blank,blank,674,470,1144,"3,275",2,30,
20211026,1,F05 7.5blank t=2,8,NA,7.5,blank,blank,756,475,1231,"3,152",2,30,
20211026,1,G02 8.0 blank t=4,4,NA,8,blank,blank,569,382,951,"2,503",3,45,
20211026,1,F04 R1 S8 7.5 Blank,8,NA,7.5,blank,blank,"1,057",730,1787,"3,980",3,45,
20211026,1,F06 blank 7.5 blank,8,NA,7.5,blank,blank,598,441,1039,"1,934",3,45,
20211026,1,G03 blank t=8 t=5,4,NA,8,blank,blank,586,445,1031,"2,728",4,60,
20211026,2,F08 R2 8.0 blank T0,4,NA,8,blank,blank,436,"2,105",2541,"7,675",0,0,
20211026,2,F10 R2 7.5 Blank T0,8,NA,7.5,blank,blank,423,"2,033",2456,"6,083",0,0,
20211026,2,F09 R2 8.0 Blank T15,4,NA,8,blank,blank,184,"1,763",1947,"4,464",1,15,
20211026,2,F11 R2 7.5 Blank T15,8,NA,7.5,blank,blank,163,"1,672",1835,"4,684",1,15,
20211026,2,G08 R2 8.0 Blank T30,4,NA,8,blank,blank,110,"1,512",1622,"3,381",2,30,
20211026,2,G10 R3 7.5 Blank T30,4,NA,7.5,blank,blank,124,"1,556",1680,"3,531",2,30,
20211026,2,F12 R2 7.5 Blank T45,8,NA,7.5,blank,blank,142,"1,590",1732,"4,904",3,45,
20211026,2,G09 R2 8.0 Blank T45,8,NA,8,blank,blank,119,"1,502",1621,"3,955",3,45,
20211026,2,G11 R2 7.5 Blank T60,4,NA,7.5,blank,blank,96,"1,285",1381,"2,089",4,60,
20211026,2,F07 7.5 blank t=4,8,NA,7.5,blank,blank,620,429,1049,"2,289",4,60,
20211026,2,H08 R2 8.0 Blank T60,8,NA,8,blank,blank,87,"1,399","1,486","3,021",4,60,
20211026,3,A03 R3 S3 T0,3,NA,8,blank,blank,230,"1,283","1,513","5,064",0,0,
20211026,3,A08 R3 S8 T0,8,NA,7.5,blank,blank,252,"1,001","1,253","3,775",0,0,
20211026,3,B03 R3 S3 T15,3,NA,8,blank,blank,98,"1,123","1,221","4,866",1,15,
20211026,3,B08 R3 S8 T15,8,NA,7.5,blank,blank,91,798,889,"2,195",1,15,
20211026,3,C03 R3 S3 T30,3,NA,8,blank,blank,67,983,"1,050","3,188",2,30,
20211026,3,C08 R3 S8 T30,8,NA,7.5,blank,blank,45,796,841,"1,483",2,30,
20211026,3,D03 R3 S3 T45,3,NA,8,blank,blank,51,945,996,"2,304",3,45,
20211026,3,D08 R3 S8 T45,8,NA,7.5,blank,blank,46,732,778,"1,752",3,45,
20211026,3,E03 R3 S3 T60,3,NA,8,blank,blank,39,911,950,"2,174",4,60,
20211026,3,E08 R3 S8 T60,8,NA,7.5,blank,blank,64,781,845,"1,612",4,60,
20211026,1_B,A02 S2 T0,2,NA,8,blank,blank,195,"1,127","1,322","3,238",0,0,
20211026,1_B,A07 S7 T0,7,NA,7.5,blank,blank,209,"1,123","1,332","3,361",0,0,
20211026,1_B,A10 S10 T0,10,NA,7.5,blank,blank,180,956,"1,136","2,556",0,0,
20211026,1_B,B04 S16 T0,16,NA,8,blank,blank,199,"1,026","1,225","2,967",0,0,
20211026,1_B,C02 S2  T15,2,NA,8,blank,blank,97,964,"1,061","2,241",1,15,
20211026,1_B,C07 S7  T15,7,NA,7.5,blank,blank,80,998,"1,078","3,046",1,15,
20211026,1_B,C10 S10  T15,10,NA,7.5,blank,blank,69,876,945,"2,751",1,15,
20211026,1_B,D04 S16 T15,16,NA,8,blank,blank,84,937,"1,021","2,540",1,15,
20211026,1_B,E02 S2  T30,2,NA,8,blank,blank,86,955,"1,041","3,191",2,30,
20211026,1_B,E07 S7  T30,7,NA,7.5,blank,blank,94,"1,003","1,097","3,021",2,30,
20211026,1_B,E10 S11  T30,10,NA,7.5,blank,blank,81,"1,011","1,092","2,594",2,30,
20211026,1_B,F04 S16 T30,16,NA,8,blank,blank,97,927,"1,024","2,299",2,30,
20211026,1_B,G02 S2 T45,2,NA,8,blank,blank,32,847,879,"2,024",3,45,
20211026,1_B,G07 S7 T45,7,NA,7.5,blank,blank,59,915,974,"2,688",3,45,
20211026,1_B,G10 S10 T45,10,NA,7.5,blank,blank,59,869,928,"2,543",3,45,
20211026,1_B,H04 S16 T45,16,NA,8,blank,blank,62,885,947,"2,679",3,45,
20211026,1_B,A02 S2 T60,2,NA,8,blank,blank,71,"1,040","1,111","3,294",4,60,
20211026,1_B,A07 S7 T60,7,NA,7.5,blank,blank,63,897,960,"2,984",4,60,
20211026,1_B,A10 S10 T60,10,NA,7.5,blank,blank,36,752,788,"2,481",4,60,
20211026,1_B,B04 S16 T60,16,NA,8,blank,blank,40,855,895,"2,102",4,60,
20210914,1,C01 Run 1 8C t=0,3,NA,8,C,NA,"1,275",73,"1,348",764,0,0,
20210914,1,G01 run 1 t=0 7.5C,7,NA,7.5,C,NA,"1,296",61,"1,357",780,0,0,
20210914,1,C02 8A t=1,3,NA,8,C,NA,"1,229",56,"1,285",788,1,10,
20210914,1,G02 7.5C t=1,7,NA,7.5,C,NA,"1,160",45,"1,205",690,1,10,
20210914,1,C03 8C t=2,3,NA,8,C,NA,"1,296",60,"1,356",759,2,27,
20210914,1,G03 7.5C t=2,7,NA,7.5,C,NA,982,171,"1,153",608,2,27,
20210914,1,C04 8C T=3,3,NA,8,C,NA,"1,024",46,"1,070",668,3,47,
20210914,1,G04 7.5c T=3,7,NA,7.5,C,NA,858,32,890,589,3,47,
20210914,1,C05 8.0c T=4,3,NA,8,C,NA,927,31,958,595,4,57,
20210914,1,G05 7.5c T=4,7,NA,7.5,C,NA,676,40,716,547,4,57,
20210914,1,C06 8.0c=5,3,NA,8,C,NA,882,44,926,534,5,70,
20210914,1,G06 7.5c T=5,7,NA,7.5,C,NA,855,30,885,522,5,70,
20210914,1,C07 8c T=7,3,NA,8,C,NA,"1,011",101,"1,112",628,6,90,
20210914,1,G07 7C T=7,7,NA,7.5,C,NA,475,16,491,467,6,90,
20210914,3,A01 Run 3 8.0C time 0,1,NA,8,C,NA,"1,204",72,"1,276",698,0,0,
20210914,3,A06 7C T=0,5,NA,7.5,C,NA,"1,237",56,"1,293",669,0,0,
20210914,3,B01 8.0c T=1,1,NA,8,C,NA,"1,106",69,"1,175",668,1,15,
20210914,3,B06 7.5 C T=1,5,NA,7.5,C,NA,"1,026",59,"1,085",673,1,15,
20210914,3,C01 8c T=3,1,NA,8,C,NA,937,44,981,552,2,30,
20210914,3,C06 7.5 c T=3,5,NA,7.5,C,NA,926,40,966,589,2,30,
20210914,3,D01 8 c T=4,1,NA,8,C,NA,946,62,"1,008",552,3,45,
20210914,3,D06 7.5C T=4,5,NA,7.5,C,NA,"1,031",68,"1,099",701,3,45,
20210914,3,E01 8C T=5,1,NA,8,C,NA,934,71,"1,005",582,4,60,
20210914,3,E06 7.5C T=4,5,NA,7.5,C,NA,"1,043",115,"1,158",724,4,60,
20210914,3,F01 8.0C T=5,1,NA,8,C,NA,849,96,945,577,5,75,
20210914,3,F06 7.5C T=5,5,NA,7.5,C,NA,496,136,632,325,5,75,
20210914,3,G01 8C T=6,1,NA,8,C,NA,795,36,831,527,6,90,
20210914,3,G06 7.5C T=6,5,NA,7.5,C,NA,712,130,842,605,6,90,
20210914,4,A02 8C T=0,2,NA,8,C,NA,"1,278",75,"1,353",791,0,0,
20210914,4,A07 7.5C T=0,6,NA,7.5,C,NA,"1,205",109,"1,314",694,0,0,
20210914,4,B02 8C t=1,2,NA,8,C,NA,"1,236",82,"1,318",652,1,15,
20210914,4,B07 7.5C T=1,6,NA,7.5,C,NA,"1,253",150,"1,403","1,043",1,15,
20210914,4,C02 8C t=2,2,NA,8,C,NA,"1,257",200,"1,457",922,2,30,
20210914,4,C07 7.5C T=2,6,NA,7.5,C,NA,"1,130",174,"1,304",816,2,30,
20210914,4,D02 8C T=3,2,NA,8,C,NA,"1,176",108,"1,284",749,3,45,
20210914,4,D07 7.5C T=3,6,NA,7.5,C,NA,"1,026",87,"1,113",659,3,45,
20210914,4,E02 8C T=4,2,NA,8,C,NA,"1,237",59,"1,296",702,4,60,
20210914,4,E07 7.5C T=4,6,NA,7.5,C,NA,"1,044",51,"1,095",678,4,60,
20210914,4,F02 8C T=5,2,NA,8,C,NA,"1,218",50,"1,268",683,5,75,
20210914,4,F07 7.5C T=5,6,NA,7.5,C,NA,"1,013",35,"1,048",509,5,75,
20210914,4,G02 8C T=6,2,NA,8,C,NA,"1,142",37,"1,179",777,6,90,
20210914,4,G07 7C T=6,6,NA,7.5,C,NA,911,20,931,480,6,90,
20210930,1,A02 Plate 1 Sample 2,2,1,8,C,fed,NA,NA,"1,483","1,357",0,0,
20210930,1,A12 Plate 1 Sample 12,12,1,8,C,unfed,NA,NA,"1,354",807,0,0,
20210930,1,B05 Plate 1 Sample 17,17,1,7.5,C,fed,NA,NA,"1,369",824,0,0,
20210930,1,B09 Plate 1 Sample 21,21,1,7.5,C,unfed,NA,NA,"1,358",804,0,0,
20210930,1,C10 Plate 2 Sample 34,34,2,7.5,C,unfed,NA,NA,"1,476",836,0,0,
20210930,1,C12 Plate 2 Sample 36,36,2,8,C,fed,NA,NA,"1,391",824,0,0,
20210930,1,D01 Plate 2 Sample 37,37,2,7.5,C,fed,NA,NA,"1,526",920,0,0,
20210930,1,D02 Plate 2 Sample 38,38,2,8,C,unfed,NA,NA,"1,634","1,064",0,0,
20210930,1,D03 Plate 2 Sample 39,39,2,7.5,C,fed,NA,NA,"1,406",981,0,0,
20210930,1,D12 Plate 2 Sample 48,48,2,8,C,fed,NA,NA,"1,607",901,0,0,
20210930,1,E02 Plate 1 Sample 2,2,1,8,C,fed,NA,NA,"1,304",808,1,10,
20210930,1,E12 Plate 1 Sample 12,12,1,8,C,unfed,NA,NA,"1,462",952,1,10,
20210930,1,F05 Plate 1 Sample 17,17,1,7.5,C,fed,NA,NA,"1,399",793,1,10,
20210930,1,F09 Plate 1 Sample 21,21,1,7.5,C,unfed,NA,NA,"1,442",841,1,10,
20210930,1,G10 Plate 2 Sample 34,34,2,7.5,C,unfed,NA,NA,"1,429",951,1,10,
20210930,1,G12 Plate 2 Sample 36,36,2,8,C,fed,NA,NA,"1,395","1,149",1,10,
20210930,1,H01 Plate 2 Sample 37,37,2,7.5,C,fed,NA,NA,"1,326",933,1,10,
20210930,1,H02 Plate 2 Sample 38,38,2,8,C,unfed,NA,NA,"1,522","1,230",1,10,
20210930,1,H03 Plate 2 Sample 39,39,2,7.5,C,fed,NA,NA,"1,220",977,1,10,
20210930,1,H12 Plate 2 Sample 48,48,2,8,C,fed,NA,NA,"1,434","1,026",1,10,
20210930,1,A02 Plate 1 Sample 2,2,1,8,C,fed,NA,NA,"1,199",917,2,20,
20210930,1,A12 Plate 1 Sample 12,12,1,8,C,unfed,NA,NA,"1,436",948,2,20,
20210930,1,B05 Plate 1 Sample 17,17,1,7.5,C,fed,NA,NA,"1,416",940,2,20,
20210930,1,B09 Plate 1 Sample 21,21,1,7.5,C,unfed,NA,NA,"1,401",874,2,20,
20210930,1,C10 Plate 2 Sample 34,34,2,7.5,C,unfed,NA,NA,"1,337",929,2,20,
20210930,1,C12 Plate 2 Sample 36,36,2,8,C,fed,NA,NA,"1,200","1,002",2,20,
20210930,1,D01 Plate 2 Sample 37,37,2,7.5,C,fed,NA,NA,"1,373","1,466",2,20,
20210930,1,D02 Plate 2 Sample 36,38,2,8,C,unfed,NA,NA,"1,474","1,191",2,20,
20210930,1,D03 Plate 2 Sample 39,39,2,7.5,C,fed,NA,NA,"1,214","1,271",2,20,
20210930,1,D12 Plate 2 Sample 48,48,2,8,C,fed,NA,NA,"1,403","1,139",2,20,
20210930,1,E02 Plate 1 Sample 2,2,1,8,C,fed,NA,NA,840,935,3,30,
20210930,1,E12 Plate 1 Sample 12,12,1,8,C,unfed,NA,NA,"1,318",881,3,30,
20210930,1,F05 Plate 1 Sample 17,17,1,7.5,C,fed,NA,NA,"1,433",798,3,30,
20210930,1,F09 Plate 1 Sample 21,21,1,7.5,C,unfed,NA,NA,"1,241",900,3,30,
20210930,1,G10 Plate 2 Sample 34,34,2,7.5,C,unfed,NA,NA,"1,566","1,433",3,30,
20210930,1,G12 Plate 2 Sample 36,36,2,8,C,fed,NA,NA,"1,248","1,252",3,30,
20210930,1,H01 Plate 2 Sample 37,37,2,7.5,C,fed,NA,NA,"1,266",899,3,30,
20210930,1,H02 Plate 2 Sample 38,38,2,8,C,unfed,NA,NA,"1,451","1,134",3,30,
20210930,1,H03 Plate 2 Sample 39,39,2,7.5,C,fed,NA,NA,773,685,3,30,
20210930,1,H12 Plate 2 Sample 48,48,2,8,C,fed,NA,NA,"1,483","1,333",3,30,
20210930,1,A02 Plate 1 Sample 2,2,1,8,C,fed,NA,NA,651,542,6,60,
20210930,1,A12 Plate 1 Sample 12,12,1,8,C,unfed,NA,NA,"1,191","1,048",6,60,
20210930,1,B05 Plate 1 Sample 17,17,1,7.5,C,fed,NA,NA,"1,314",886,6,60,
20210930,1,B09 Plate 1 Sample 21,21,1,7.5,C,unfed,NA,NA,"1,127",729,6,60,
20210930,1,C10 Plate 2 Sample 34,34,2,7.5,C,unfed,NA,NA,"1,206","1,057",6,60,
20210930,1,C12 Plate 2 Sample 36,36,2,8,C,fed,NA,NA,"1,075","1,024",6,60,
20210930,1,D01 Plate 2 Sample 37,37,2,7.5,C,fed,NA,NA,"1,192","1,035",6,60,
20210930,1,D02 Plate 2 Sample 38,38,2,8,C,unfed,NA,NA,"1,388","1,591",6,60,
20210930,1,D03 Plate 2 Sample 39,39,2,7.5,C,fed,NA,NA,993,"1,342",6,60,
20210930,1,D12 Plate 2 Sample 48,48,2,8,C,fed,NA,NA,"1,334","1,163",6,60,
20210930,2,A02 Plate 1 Sample 2,2,1,8,C,fed,NA,NA,"1,400",924,0,0,
20210930,2,A03 Plate 1 Sample 3,3,1,7.5,C,fed,NA,NA,"1,497",951,0,0,
20210930,2,A10 Plate 1 Sample 10 ,10,1,7.5,C,unfed,NA,NA,"1,171",887,0,0,
20210930,2,B01 Plate 1 Sample 13,13,1,8,C,fed,NA,NA,"1,242",797,0,0,
20210930,2,B02 Plate 1 Sample 14,14,1,8,C,unfed,NA,NA,"1,305","1,065",0,0,
20210930,2,C03 Plate 2 Sample 21,21,2,7.5,C,unfed,NA,NA,"1,347",939,0,0,
20210930,2,C11 Plate 2 Sample 29,29,2,8,C,unfed,NA,NA,"1,580",997,0,0,
20210930,2,D01 Plate 2 Sample 31,31,2,7.5,C,fed,NA,NA,"1,703","1,230",0,0,
20210930,2,H12 P1 R2 T1 10,10,1,7.5,C,unfed,NA,NA,"1,461","1,357",1,10,
20210930,2,D02 Plate1 Sample 2,2,1,8,C,fed,NA,NA,"1,300","1,341",2,20,
20210930,2,D03 Plate 1 Sample 3,3,1,7.5,C,fed,NA,NA,381,"1,338",2,20,
20210930,2,D10 Plate 1 Sample 10,10,1,7.5,C,unfed,NA,NA,"1,496","1,333",2,20,
20210930,2,E01 Plate 1 Sample 14,13,1,8,C,fed,NA,NA,"1,390","1,311",2,20,
20210930,2,E02 Plate 1 Sample 14,14,1,8,C,unfed,NA,NA,"1,136","1,159",2,20,
20210930,2,E09 Plate 2 Sample 21,21,2,7.5,C,unfed,NA,NA,"1,393","1,013",2,20,
20210930,2,F05 Plate 1 Sample 29,29,2,8,C,unfed,NA,NA,"1,653","1,267",2,20,
20210930,2,F07 Plate 2 Sample 31,31,2,7.5,C,fed,NA,NA,"1,532","1,036",2,20,
20210930,2,H06 P1 R2 T3 13,13,1,8,C,fed,NA,NA,"1,419","1,686",3,30,
20210930,2,H05 P1 R2 T3 14,14,1,8,C,unfed,NA,NA,"1,149","1,607",3,30,
20210930,2,A02 Plate 1 Sample 2,2,1,8,C,fed,NA,NA,"1,116",937,4,40,
20210930,2,A03 Plate 1 Sample 3,3,1,7.5,C,fed,NA,NA,116,176,4,40,
20210930,2,A10 Plate 1 Sample 10 ,10,1,7.5,C,unfed,NA,NA,"1,433",904,4,40,
20210930,2,B01 Plate 1 Sample 13,13,1,8,C,fed,NA,NA,"1,303",893,4,40,
20210930,2,B02 Plate 1 Sample 14,14,1,8,C,unfed,NA,NA,"1,303",913,4,40,
20210930,2,C03 Plate 2 Sample 21,21,2,7.5,C,unfed,NA,NA,"1,318","1,001",4,40,
20210930,2,C11 Plate 2 Sample 29,29,2,8,C,unfed,NA,NA,"1,395",930,4,40,
20210930,2,D01 Plate 2 Sample 31,31,2,7.5,C,fed,NA,NA,"1,325",959,4,40,
20210930,2,G09 P1 R2 T5 2,2,1,8,C,fed,NA,NA,"1,040","1,170",5,50,
20210930,2,G08 P1 R2 T5 3,3,1,7.5,C,fed,NA,NA,10,58,5,50,
20210930,2,G05 P1 R2 T5 14,14,1,8,C,unfed,NA,NA,"1,159",713,5,50,
20210930,2,G03 P2 R2 T5 21,21,2,7.5,C,unfed,NA,NA,"1,319",816,5,50,
20210930,2,H10 P1 R2 T5 29,29,2,8,C,unfed,NA,NA,"1,399","1,806",5,50,
20210930,2,A02 Plate 1 Sample 2,2,1,8,C,fed,NA,NA,"1,256","1,537",6,60,
20210930,2,A03 Plate 1 Sample 3,3,1,7.5,C,fed,NA,NA,242,656,6,60,
20210930,2,A10 Plate 1 Sample 10 ,10,1,7.5,C,unfed,NA,NA,"1,140",753,6,60,extra
20210930,2,B01 Plate 1 Sample 13,13,1,8,C,fed,NA,NA,"1,168","1,403",6,60,extra
20210930,2,B02 Plate 1 Sample 14,14,1,8,C,unfed,NA,NA,"1,408","2,477",6,60,extra
20210930,2,B09 Plate 2 Sample 21,21,2,7.5,C,unfed,NA,NA,"1,451","1,894",6,60,
20210930,2,C05 Plate 2 Sample 29,29,2,8,C,unfed,NA,NA,"1,482","1,797",6,60,extra
20210930,2,C07 Plate 2 Sample 31,31,2,7.5,C,fed,NA,NA,"1,230","1,802",6,60,
20211026,1,A03 R1 S3 8.0C T0,3,NA,8,C,fed,869,571,1440,"2,282",0,0,
20211026,1,A06 R1 S7 7.5C T0,7,NA,7.5,C,fed,866,619,1485,"2,876",0,0,
20211026,1,B03 R1 S3 8.0C T15,3,NA,8,C,fed,369,274,643,"1,228",1,15,
20211026,1,B06 R1 7.5C T15,7,NA,7.5,C,fed,743,537,1280,"5,947",1,15,
20211026,1,C03 R1 8.0C T30,3,NA,8,C,fed,19,25,44,329,2,30,
20211026,1,C06 R1 7.5C T30,7,NA,7.5,C,fed,116,78,194,"1,149",2,30,
20211026,1,D03 R1 8.0C T45,3,NA,8,C,fed,1,5,6,294,3,45,
20211026,1,D06 R1 7.5C T45,7,NA,7.5,C,fed,194,152,346,"1,296",3,45,
20211026,1,E03 R1 8.0C T60,3,NA,8,C,fed,2,19,21,90,4,60,
20211026,1,E06 R1 7.5C T60,7,NA,7.5,C,fed,400,265,665,"1,554",4,60,
20211026,3,A01 R3 S1 T0,1,NA,8,C,fed,304,"1,213","1,517","5,124",0,0,
20211026,3,A04 R3 S4 T0,4,NA,7.5,C,fed,228,"1,216","1,444","6,246",0,0,
20211026,3,A07 R3 S7 T0,7,NA,7.5,C,fed,265,"1,236","1,501","4,848",0,0,
20211026,3,B01 R3 S1 T15,1,NA,8,C,fed,1,24,25,389,1,15,
20211026,3,B04 R3 S4 T15,4,NA,7.5,C,fed,10,183,193,750,1,15,
20211026,3,B07 R3 S7 T15,7,NA,7.5,C,fed,4,34,38,141,1,15,
20211026,3,C01 R3 S1 T30,1,NA,8,C,fed,1,2,3,211,2,30,
20211026,3,C04 R3 S4 T30,4,NA,7.5,C,fed,5,5,10,306,2,30,
20211026,3,C07 R3 S7 T30,7,NA,7.5,C,fed,0,4,4,71,2,30,
20211026,3,D01 R3 S1 T45,1,NA,8,C,fed,0,5,5,295,3,45,
20211026,3,D04 R3 S4 T45,4,NA,7.5,C,fed,1,33,34,166,3,45,
20211026,3,D07 R3 S7 T45,7,NA,7.5,C,fed,7,30,37,93,3,45,
20211026,3,E01 R3 S1 T60,1,NA,8,C,fed,0,1,1,223,4,60,
20211026,3,E04 R3 S4 T60,4,NA,7.5,C,fed,3,2,5,216,4,60,
20211026,3,E07 R3 S7 T60,7,NA,7.5,C,fed,6,10,16,135,4,60,
20211026,1_B,A08 S8 T0,8,NA,8,C,unfed,204,"1,120","1,324","2,937",0,0,
20211026,1_B,A09 S9 T0,9,NA,7.5,C,unfed,215,"1,110","1,325","3,554",0,0,
20211026,1_B,B06 S18 T0,18,NA,8,C,unfed,177,909,"1,086","2,569",0,0,
20211026,1_B,B07 S19 T0,19,NA,7.5,C,unfed,199,"1,025","1,224","3,127",0,0,
20211026,1_B,C08 S8  T15,8,NA,8,C,unfed,79,995,"1,074","2,998",1,15,
20211026,1_B,C09 S9  T15,9,NA,7.5,C,unfed,107,"1,161","1,268","4,340",1,15,
20211026,1_B,D06 S18 T15,18,NA,8,C,unfed,80,843,923,"2,554",1,15,
20211026,1_B,D07 S19 T15,19,NA,7.5,C,unfed,131,960,"1,091","2,752",1,15,
20211026,1_B,E08 S8  T30,8,NA,8,C,unfed,71,"1,101","1,172","3,922",2,30,
20211026,1_B,E09 S9  T30,9,NA,7.5,C,unfed,104,"1,046","1,150","3,707",2,30,
20211026,1_B,F06 S18 T30,18,NA,8,C,unfed,49,717,766,"1,950",2,30,
20211026,1_B,F07 S19 T30,19,NA,7.5,C,unfed,73,828,901,"2,526",2,30,
20211026,1_B,G08 S8 T45,8,NA,8,C,unfed,44,795,839,"2,438",3,45,
20211026,1_B,G09 S9 T45,9,NA,7.5,C,unfed,66,897,963,"2,901",3,45,
20211026,1_B,H06 S18 T45,18,NA,8,C,unfed,31,722,753,"1,986",3,45,
20211026,1_B,H07 S19 T45,19,NA,7.5,C,unfed,58,754,812,"2,229",3,45,
20211026,1_B,A08 S8 T60,8,NA,8,C,unfed,52,"1,001","1,053","3,001",4,60,
20211026,1_B,A09 S9 T60,9,NA,7.5,C,unfed,47,948,995,"3,144",4,60,
20211026,1_B,B06 S18 T60,18,NA,8,C,unfed,19,761,780,"2,295",4,60,
20211026,1_B,B07 S19 T60,19,NA,7.5,C,unfed,53,913,966,"2,979",4,60,
20210914,2,A01 Run Q 8.0D time 0,1,NA,8,D,NA,"1,236",73,"1,309",856,0,0,
20210914,2,E01 run 2 7.5 D t=0,5,NA,7.5,D,NA,"1,274",214,"1,488",724,0,0,
20210914,2,A02 8D t=1,1,NA,8,D,NA,"1,219",89,"1,308",709,1,10,
20210914,2,E02 7.5D t=1,5,NA,7.5,D,NA,"1,263",55,"1,318",706,1,10,
20210914,2,A03 8D t=2,1,NA,8,D,NA,"1,176",79,"1,255",879,2,20,
20210914,2,E03 7.5D T=2,5,NA,7.5,D,NA,"1,115",43,"1,158",575,2,20,
20210914,2,A04 8D T=3,1,NA,8,D,NA,"1,186",92,"1,278",822,3,30,
20210914,2,E04 7.5D T=3,5,NA,7.5,D,NA,733,115,848,521,3,30,
20210914,2,A05 8D T=4,1,NA,8,D,NA,887,39,926,529,4,40,
20210914,2,E05 7.5D T=4,5,NA,7.5,D,NA,633,57,690,940,4,40,
20210914,2,A06 8D T=5,1,NA,8,D,NA,831,30,861,499,5,50,
20210914,2,E06 7.5D T=5,5,NA,7.5,D,NA,822,24,846,491,5,50,
20210914,2,A07 8D T=7,1,NA,8,D,NA,852,30,882,556,6,70,
20210914,2,E07 7D,5,NA,7.5,D,NA,579,24,603,363,6,70,
20210914,2,A08 8D,1,NA,8,D,NA,596,31,627,364,7,90,
20210914,2,E08 7.5 D,5,NA,7.5,D,NA,505,31,536,369,7,90,
20210914,3,A02 8D t=1,2,NA,8,D,NA,"1,252",88,"1,340",626,0,0,
20210914,3,A07 7.5d T=0,6,NA,7.5,D,NA,"1,198",84,"1,282",645,0,0,
20210914,3,B02 8d T=1,2,NA,8,D,NA,"1,015",45,"1,060",548,1,15,
20210914,3,B07 7.5d T=1,6,NA,7.5,D,NA,"1,169",47,"1,216",881,1,15,
20210914,3,C02 8D T=3,2,NA,8,D,NA,753,30,783,483,2,30,
20210914,3,C07 7.5 DT=3,6,NA,7.5,D,NA,"1,449",40,"1,489",736,2,30,
20210914,3,D02 8D T=4,2,NA,8,D,NA,386,34,420,298,3,45,
20210914,3,D07 7.5D T=4,6,NA,7.5,D,NA,"1,017",45,"1,062",538,3,45,
20210914,3,E02 8D T=5,2,NA,8,D,NA,304,88,392,239,4,60,
20210914,3,E07 7.5D T=4,6,NA,7.5,D,NA,884,17,901,494,4,60,
20210914,3,F02 8D T=5,2,NA,8,D,NA,379,213,592,713,5,75,
20210914,3,F07 7.5D T=5,6,NA,7.5,D,NA,767,27,794,508,5,75,
20210914,3,G02 8.0D T=6,2,NA,8,D,NA,363,26,389,311,6,90,
20210914,3,G07 7.5D T=6,6,NA,7.5,D,NA,574,21,595,332,6,90,
20210914,4,A03 8D T=0,3,NA,8,D,NA,"1,273",85,"1,358",804,0,0,
20210914,4,A08 7.5D T=0,7,NA,7.5,D,NA,"1,252",104,"1,356",842,0,0,
20210914,4,B03 8.0D t=1,3,NA,8,D,NA,"1,144",114,"1,258","1,045",1,15,
20210914,4,B08 7.5D T=1,7,NA,7.5,D,NA,"1,203",195,"1,398",825,1,15,
20210914,4,C03 8D T=2,3,NA,8,D,NA,854,30,884,508,2,30,
20210914,4,C08 7.5D T=2,7,NA,7.5,D,NA,"1,100",145,"1,245",854,2,30,
20210914,4,D03 8D T=3,3,NA,8,D,NA,919,48,967,639,3,45,
20210914,4,D08 7.5D  T=3,7,NA,7.5,D,NA,"1,064",113,"1,177",801,3,45,
20210914,4,E03 8D T=3,3,NA,8,D,NA,652,31,683,483,4,60,
20210914,4,E08 7.5D T=4,7,NA,7.5,D,NA,"1,079",48,"1,127",723,4,60,
20210914,4,F03 8.0D T=5,3,NA,8,D,NA,745,25,770,505,5,75,
20210914,4,F08 7.5D T=5,7,NA,7.5,D,NA,"1,094",51,"1,145",699,5,75,
20210914,4,G03 8.0D T=6,3,NA,8,D,NA,734,27,761,450,6,90,
20210914,4,G08 7.5D T=6,7,NA,7.5,D,NA,976,35,"1,011",693,6,90,
20210914,4,G09 7.5D T=6,8,NA,7.5,D,fed,"1,191",57,"1,248",661,6,90,check this
20210930,1,A01 Plate 1 Sample 1,1,1,7.5,D,unfed,NA,NA,"1,590","1,660",0,0,
20210930,1,A03 Plate 1 Sample 3,3,1,7.5,D,fed,NA,NA,"1,500","1,053",0,0,
20210930,1,A09 Plate 1 Sample 9,9,1,7.5,D,fed,NA,NA,"1,460",832,0,0,
20210930,1,A10 Plate 1 Sample 10 ,10,1,8,D,fed,NA,NA,"1,386",808,0,0,
20210930,1,B06 Plate 1 Sample 18,18,1,8,D,unfed,NA,NA,"1,358",858,0,0,
20210930,1,B12 Plate 1 Sample 24,24,1,8,D,fed,NA,NA,"1,355",965,0,0,
20210930,1,C02 Plate 2 Sample 26,26,2,8,D,fed,NA,NA,863,606,0,0,
20210930,1,C05 Plate 2 Sample 29,29,2,7.5,D,unfed,NA,NA,"1,464",904,0,0,
20210930,1,C08 Plate 2 Sample 32,32,2,8,D,unfed,NA,NA,"1,465",938,0,0,
20210930,1,D04 Plate 2 Sample 40,40,2,7.5,D,fed,NA,NA,"1,589",948,0,0,
20210930,1,E01 Plate 1 Sample 1,1,1,7.5,D,unfed,NA,NA,"1,436",868,1,10,
20210930,1,E03 Plate 1 Sample 3,3,1,7.5,D,fed,NA,NA,"1,123",648,1,10,
20210930,1,E09 Plate 1 Sample 9,9,1,7.5,D,fed,NA,NA,"1,121",629,1,10,
20210930,1,E10 Plate 1 Sample 10,10,1,8,D,fed,NA,NA,912,962,1,10,
20210930,1,F06 Plate 1 Sample 18,18,1,8,D,unfed,NA,NA,"1,382",932,1,10,
20210930,1,F12 Plate 1 Sample 24,24,1,8,D,fed,NA,NA,"1,401",980,1,10,
20210930,1,G02 Plate 2 Sample 26,26,2,8,D,fed,NA,NA,575,529,1,10,
20210930,1,G05 Plate 2 Sample 29,29,2,7.5,D,unfed,NA,NA,"1,388","1,309",1,10,
20210930,1,G08 Plate 2 Sample 32,32,2,8,D,unfed,NA,NA,"1,375","1,100",1,10,
20210930,1,H04 Plate 2 Sample 40,40,2,7.5,D,fed,NA,NA,"1,491","1,086",1,10,
20210930,1,A01 Plate 1 Sample 1,1,1,7.5,D,unfed,NA,NA,"1,445","1,068",2,20,
20210930,1,A03 Plate 1 Sample 3,3,1,7.5,D,fed,NA,NA,988,619,2,20,
20210930,1,A09 Plate 1 Sample 9,9,1,7.5,D,fed,NA,NA,"1,271","1,370",2,20,
20210930,1,A10 Plate 1 Sample 10 ,10,1,8,D,fed,NA,NA,966,681,2,20,
20210930,1,B06 Plate 1 Sample 18,18,1,8,D,unfed,NA,NA,"1,299",837,2,20,
20210930,1,B12 Plate 1 Sample 24,24,1,8,D,fed,NA,NA,"1,353",832,2,20,
20210930,1,C02 Plate 2 Sample 26,26,2,8,D,fed,NA,NA,436,576,2,20,
20210930,1,C05 Plate 2 Sample 29,29,2,7.5,D,unfed,NA,NA,"1,307",947,2,20,
20210930,1,C08 Plate 2 Sample 32,32,2,8,D,unfed,NA,NA,"1,062","1,270",2,20,
20210930,1,D04 Plate 2 Sample 40,40,2,7.5,D,fed,NA,NA,"1,371",989,2,20,
20210930,1,E01 Plate 1 Sample 1,1,1,7.5,D,unfed,NA,NA,"1,285",881,3,30,
20210930,1,E03 Plate 1 Sample 3,3,1,7.5,D,fed,NA,NA,901,721,3,30,
20210930,1,E09 Plate 1 Sample 9,9,1,7.5,D,fed,NA,NA,889,571,3,30,
20210930,1,E10 Plate 1 Sample 10,10,1,8,D,fed,NA,NA,"1,269","1,577",3,30,
20210930,1,F06 Plate 1 Sample 18,18,1,8,D,unfed,NA,NA,"1,283",769,3,30,
20210930,1,F12 Plate 1 Sample 24,24,1,8,D,fed,NA,NA,"1,310","1,012",3,30,
20210930,1,G02 Plate 2 Sample 26,26,2,8,D,fed,NA,NA,468,989,3,30,
20210930,1,G05 Plate 2 Sample 29,29,2,7.5,D,unfed,NA,NA,"1,342",919,3,30,
20210930,1,G08 Plate 2 Sample 32,32,2,8,D,unfed,NA,NA,970,"1,002",3,30,
20210930,1,H04 Plate 2 Sample 40,40,2,7.5,D,fed,NA,NA,"1,528","1,120",3,30,
20210930,1,A01 Plate 1 Sample 1,1,1,7.5,D,unfed,NA,NA,"1,409","1,020",6,60,
20210930,1,A03 Plate 1 Sample 3,3,1,7.5,D,fed,NA,NA,142,184,6,60,
20210930,1,A09 Plate 1 Sample 9,9,1,7.5,D,fed,NA,NA,"1,026","1,290",6,60,
20210930,1,A10 Plate 1 Sample 10 ,10,1,8,D,fed,NA,NA,"1,077",851,6,60,
20210930,1,B06 Plate 1 Sample 18,18,1,8,D,unfed,NA,NA,969,758,6,60,
20210930,1,B12 Plate 1 Sample 24,24,1,8,D,fed,NA,NA,943,753,6,60,
20210930,1,C02 Plate 2 Sample 26,26,2,8,D,fed,NA,NA,708,"3,929",6,60,
20210930,1,C05 Plate 2 Sample 29,29,2,7.5,D,unfed,NA,NA,"1,419","1,209",6,60,
20210930,1,C08 Plate 2 Sample 32,32,2,8,D,unfed,NA,NA,864,"2,175",6,60,
20210930,1,D04 Plate 2 Sample 40,40,2,7.5,D,fed,NA,NA,"1,169","1,347",6,60,
20210930,2,A08 Plate 1 Sample 8,8,1,8,D,unfed,NA,NA,"1,479",954,0,0,
20210930,2,A11 Plate 1 Sample 11 ,11,1,7.5,D,fed,NA,NA,"1,734","1,043",0,0,
20210930,2,B06 Plate 1 Sample 18,18,1,7.5,D,unfed,NA,NA,"1,351",952,0,0,
20210930,2,C04 Plate 2 Sample 22,22,2,8,D,fed,NA,NA,"1,461","1,014",0,0,
20210930,2,C05 Plate 2 Sample 23,23,2,8,D,fed,NA,NA,"1,506","1,239",0,0,
20210930,2,C09 Plate 2 Sample 27,27,2,7.5,D,fed,NA,NA,"1,457",897,0,0,
20210930,2,D05 Plate 2 Sample 35,35,2,7.5,D,unfed,NA,NA,"1,643","1,075",0,0,
20210930,2,D06 Plate 2 Sample 36,36,2,8,D,unfed,NA,NA,"1,549","1,142",0,0,
20210930,2,G11 P1 R2 T1 18 ,18,1,7.5,D,unfed,NA,NA,"1,388",840,1,10,
20210930,2,D08 Plate 1 Sample 8,8,1,8,D,unfed,NA,NA,"1,368","1,297",2,20,
20210930,2,D11 Plate 1 Sample 11,11,1,7.5,D,fed,NA,NA,"1,201","1,206",2,20,
20210930,2,E06 Plate 1 Sample 18,18,1,7.5,D,unfed,NA,NA,"1,457","1,172",2,20,
20210930,2,E10 Plate 2 Sample 22,22,2,8,D,fed,NA,NA,949,794,2,20,
20210930,2,E11 Plate 1 Sample 11,23,2,8,D,fed,NA,NA,853,785,2,20,
20210930,2,F03 Plate 2 Sample 27,27,2,7.5,D,fed,NA,NA,"1,203","1,764",2,20,
20210930,2,F11 Plate 2 Sample 35,35,2,7.5,D,unfed,NA,NA,"1,678","1,276",2,20,
20210930,2,F12 Plate 2 Sample 36,36,2,8,D,unfed,NA,NA,"1,545","1,052",2,20,
20210930,2,A08 Plate 1 Sample 8,8,1,8,D,unfed,NA,NA,"1,242",860,4,40,
20210930,2,A11 Plate 1 Sample 11 ,11,1,7.5,D,fed,NA,NA,"1,005","1,145",4,40,
20210930,2,B06 Plate 1 Sample 18,18,1,7.5,D,unfed,NA,NA,"1,474",971,4,40,
20210930,2,C04 Plate 2 Sample 22,22,2,8,D,fed,NA,NA,574,"1,447",4,40,
20210930,2,C05 Plate 2 Sample 23,23,2,8,D,fed,NA,NA,566,736,4,40,
20210930,2,C09 Plate 2 Sample 27,27,2,7.5,D,fed,NA,NA,767,930,4,40,
20210930,2,D05 Plate 2 Sample 35,35,2,7.5,D,unfed,NA,NA,"1,394",846,4,40,
20210930,2,D06 Plate 2 Sample 36,36,2,8,D,unfed,NA,NA,"1,332",954,4,40,
20210930,2,G02 P2 R2 T5 22,22,2,8,D,fed,NA,NA,411,606,5,50,
20210930,2,H09 P1 R2 T5 27,27,2,7.5,D,fed,NA,NA,991,"2,032",5,50,
20210930,2,G01 P2 R2 T5 36,36,2,8,D,unfed,NA,NA,"1,330",840,5,50,
20210930,2,A08 Plate 1 Sample 8,8,1,8,D,unfed,NA,NA,"1,268",992,6,60,
20210930,2,A11 Plate 1 Sample 11 ,11,1,7.5,D,fed,NA,NA,707,"1,960",6,60,
20210930,2,B06 Plate 1 Sample 18,18,1,7.5,D,unfed,NA,NA,"1,323","1,316",6,60,extra
20210930,2,B10 Plate 1 Sample 22,22,2,8,D,fed,NA,NA,"1,796","5,165",6,60,
20210930,2,B11 Plate 2 Sample 23,23,2,8,D,fed,NA,NA,515,"1,133",6,60,
20210930,2,C03 Plate 2 Sample 27,27,2,7.5,D,fed,NA,NA,886,"3,102",6,60,extra
20210930,2,C11 Plate 2 Sample 35,35,2,7.5,D,unfed,NA,NA,"1,509","1,270",6,60,
20210930,2,C12 Plate 2 Sample 36,36,2,8,D,unfed,NA,NA,"1,529","2,048",6,60,
20211026,2,A07 R2 8.0D T0,1,NA,8,D,fed,432,"2,313",2745,"7,844",0,0,
20211026,2,A10 R2 7.5D T0,5,NA,7.5,D,fed,382,"1,985",2367,"5,601",0,0,
20211026,2,B07 R2 8.0D T15,1,NA,8,D,fed,190,"1,111",1301,"4,645",1,15,
20211026,2,B10 R2 7.5D T15,5,NA,7.5,D,fed,120,"1,057",1177,"2,801",1,15,
20211026,2,C07 R2 8.0D T30,1,NA,8,D,fed,23,353,376,"1,002",2,30,
20211026,2,C10 R2 7.5D T30,5,NA,7.5,D,fed,70,875,945,"2,490",2,30,
20211026,2,D07 R2 8.0D T45,1,NA,8,D,fed,0,29,29,214,3,45,
20211026,2,D10 R2 7.5D T45,5,NA,7.5,D,fed,5,37,42,499,3,45,
20211026,2,E07 R2 8.0D T60,1,NA,8,D,fed,43,200,243,"2,114",4,60,
20211026,2,E10 R2 7.5D T60,5,NA,7.5,D,fed,2,1,3,136,4,60,
20211026,3,A02 R3 S2 T0,2,NA,8,D,fed,282,"1,245","1,527","5,885",0,0,
20211026,3,A05 R3 S5 T0,5,NA,7.5,D,fed,256,"1,286","1,542","4,572",0,0,
20211026,3,B02 R3 S2 T15,2,NA,8,D,fed,110,"1,147","1,257","5,010",1,15,
20211026,3,B05 R3 S5 T15,5,NA,7.5,D,fed,15,68,83,472,1,15,
20211026,3,C02 R3 S2 T30,2,NA,8,D,fed,76,"1,009","1,085","3,690",2,30,
20211026,3,C05 R3 S5 T30,5,NA,7.5,D,fed,6,27,33,330,2,30,
20211026,3,D02 R3 S2 T45,2,NA,8,D,fed,86,996,"1,082","3,488",3,45,
20211026,3,D05 R3 S5 T45,5,NA,7.5,D,fed,3,19,22,147,3,45,
20211026,3,E02 R3 S2 T60,2,NA,8,D,fed,10,151,161,555,4,60,
20211026,3,E05 R3 S5 T60,5,NA,7.5,D,fed,4,13,17,284,4,60,
20211026,1_B,B01 S13 T0,13,NA,8,D,unfed,196,"1,031","1,227","2,317",0,0,
20211026,1_B,B02 S14 T0,14,NA,7.5,D,unfed,187,997,"1,184","2,378",0,0,
20211026,1_B,B05 S17 T0,17,NA,8,D,unfed,201,991,"1,192","3,031",0,0,
20211026,1_B,D01 S13 T15,13,NA,8,D,unfed,76,975,"1,051","2,214",1,15,
20211026,1_B,D02 S14 T15,14,NA,7.5,D,unfed,82,912,994,"2,781",1,15,
20211026,1_B,D05 S17 T15,17,NA,8,D,unfed,66,904,970,"2,360",1,15,
20211026,1_B,F01 S13 T30,13,NA,8,D,unfed,90,963,"1,053","3,143",2,30,
20211026,1_B,F02 S14 T30,14,NA,7.5,D,unfed,88,872,960,"2,345",2,30,
20211026,1_B,F05 S17 T30,17,NA,8,D,unfed,100,962,"1,062","3,151",2,30,
20211026,1_B,H01 S13 T45,13,NA,8,D,unfed,46,872,918,"2,459",3,45,
20211026,1_B,H02 S14 T45,14,NA,7.5,D,unfed,48,688,736,"1,774",3,45,
20211026,1_B,H05 S17 T45,17,NA,8,D,unfed,58,849,907,"2,544",3,45,
20211026,1_B,B01 S13 T60,13,NA,8,D,unfed,43,911,954,"2,794",4,60,
20211026,1_B,B02 S14 T60,14,NA,7.5,D,unfed,38,828,866,"2,334",4,60,
20211026,1_B,B05 S17 T60,17,NA,8,D,unfed,56,889,945,"2,677",4,60,
20210930,1,A08 Plate 1 Sample 8,8,1,8,blank,blank,NA,NA,"1,484",908,0,0,
20210930,1,B11 Plate 1 Sample 23,23,1,7.5,blank,blank,NA,NA,"1,322",767,0,0,
20210930,1,C06 Plate 2 Sample 30,30,2,7.5,blank,blank,NA,NA,"1,445",749,0,0,
20210930,1,C09 Plate 2 Sample 33,33,2,8,blank,blank,NA,NA,"1,474",847,0,0,
20210930,1,E08 Plate 1 Sample 8,8,1,8,blank,blank,NA,NA,"1,536",903,1,10,
20210930,1,F11 Plate 1 Sample 23,23,1,7.5,blank,blank,NA,NA,"1,349",826,1,10,
20210930,1,G06 Plate 2 Sample 30,30,2,7.5,blank,blank,NA,NA,"1,535","1,004",1,10,
20210930,1,G09 Plate 2 Sample 33,33,2,8,blank,blank,NA,NA,"1,503","1,215",1,10,
20210930,1,A08 Plate 1 Sample 8,8,1,8,blank,blank,NA,NA,"1,428",992,2,20,
20210930,1,B11 Plate 1 Sample 23,23,1,7.5,blank,blank,NA,NA,"1,512",992,2,20,
20210930,1,C06 Plate 2 Sample 30,30,2,7.5,blank,blank,NA,NA,"1,519","1,012",2,20,
20210930,1,C09 Plate 2 Sample 33,33,2,8,blank,blank,NA,NA,"1,329","1,004",2,20,
20210930,1,E08 Plate 1 Sample 8,8,1,8,blank,blank,NA,NA,"1,415",933,3,30,
20210930,1,F11 Plate 1 Sample 23,23,1,7.5,blank,blank,NA,NA,"1,441",852,3,30,
20210930,1,G06 Plate 2 Sample 30,30,2,7.5,blank,blank,NA,NA,"1,503",987,3,30,
20210930,1,G09 Plate 2 Sample 31,33,2,8,blank,blank,NA,NA,"1,415",993,3,30,
20210930,1,A08 Plate 1 Sample 8,8,1,8,blank,blank,NA,NA,"1,444",923,6,60,
20210930,1,B11 Plate 1 Sample 23,23,1,7.5,blank,blank,NA,NA,"1,314",985,6,60,
20210930,1,C06 Plate 2 Sample 30,30,2,7.5,blank,blank,NA,NA,"1,492","1,057",6,60,
20210930,1,C09 Plate 2 Sample 33,33,2,8,blank,blank,NA,NA,"1,354","1,038",6,60,
20210930,2,A01 Plate 1 Sample 1,1,1,7.5,blank,blank,NA,NA,"1,208",814,0,0,
20210930,2,A04 Plate 1 Sample 4,4,1,8,blank,blank,NA,NA,"1,340","1,076",0,0,
20210930,2,C10 Plate 2 Sample 28,28,2,7.5,blank,blank,NA,NA,"1,780","1,090",0,0,
20210930,2,C12 Plate 2 Sample 30,30,2,8,blank,blank,NA,NA,"1,660","1,173",0,0,
20210930,2,H11 P1 R2 T1 28,28,2,7.5,blank,blank,NA,NA,"1,826","1,877",1,10,
20210930,2,D01 Plat 1 Sample 1 t=2 run 2,1,1,7.5,blank,blank,NA,NA,"1,516","1,685",2,20,
20210930,2,D04 Plate 1 Sample 4,4,1,8,blank,blank,NA,NA,"1,506","1,701",2,20,
20210930,2,F04 Plate 2 Sample 28,28,2,7.5,blank,blank,NA,NA,"1,548","1,064",2,20,
20210930,2,F06 Plate 2 Sample 30,30,2,8,blank,blank,NA,NA,"1,586","1,205",2,20,
20210930,2,A01 Plate 1 Sample 1,1,1,7.5,blank,blank,NA,NA,"1,404",934,4,40,
20210930,2,A04 Plate 1 Sample 4,4,1,8,blank,blank,NA,NA,"1,428",958,4,40,
20210930,2,C10 Plate 2 Sample 28,28,2,7.5,blank,blank,NA,NA,"1,545",873,4,40,
20210930,2,C12 Plate 2 Sample 30,30,2,8,blank,blank,NA,NA,"1,453",989,4,40,
20210930,2,G10 P1 R2 T5 1,1,1,7.5,blank,blank,NA,NA,"1,474",989,5,50,
20210930,2,A01 Plate 1 Sample 1,1,1,7.5,blank,blank,NA,NA,"1,421","1,016",6,60,extra
20210930,2,A04 Plate 1 Sample 4,4,1,8,blank,blank,NA,NA,"1,435","1,190",6,60,
20210930,2,C04 Plate 2 Sample 28,28,2,7.5,blank,blank,NA,NA,"1,536","1,979",6,60,extra
20210930,2,C06 Plate 2 Sample 30,30,2,8,blank,blank,NA,NA,"1,526","1,550",6,60,
20210930,2,H02 P1 R2 T2 1,1,1,7.5,blank,blank,NA,NA,"1,496","1,213",2,20,
