Date,,Food Treatment,pH,Replicate,Salinity,t(oC) spec,P (dbars),Total P (mmol/kgSW),Total Si (mmol/kgSW),t(oC) of bucket,P (dbars),TA (mmol/kgSW),TCO2 (mmol/kgSW),pH (Chosen Scale),pH out,pCO2 out (matm),WCa out,WAr out,DO mg/L,,"pCO2 out (matm) With DIC, TA, pH","WAr out with DIC, TA, pH",,,,,,,,,,,,,,,,,,,,,,,
9/16/2021,,Low,7.5,A,26.57,,,,,23.3,,,,,,,,,8.72,,,,,,,,,,,,,,,,,,,,,,,,,,
9/16/2021,,Low,7.5,B,26.56,,,,,23.3,,,,,,,,,8.75,,,,,,,,,,,,,,,,,,,,,,,,,,
9/16/2021,,Low,7.5,C,26.57,,,,,23.3,,,,,,,,,8.71,,,,,,,,,,,,,,,,,,,,,,,,,,
9/16/2021,,Low,7.5,D,26.47,,,,,23.3,,,,,,,,,8.72,,,,,,,,,,,,,,,,,,,,,,,,,,
9/16/2021,,Low,8,A,26.43,,,,,23.2,,,,,,,,,8.55,,,,,,,,,,,,,,,,,,,,,,,,,,
9/16/2021,,Low,8,B,26.49,,,,,23.2,,,,,,,,,8.62,,,,,,,,,,,,,,,,,,,,,,,,,,
9/16/2021,,Low,8,C,26.47,,,,,23.2,,,,,,,,,8.64,,,,,,,,,,,,,,,,,,,,,,,,,,
9/16/2021,,Low,8,D,26.57,,,,,23.2,,,,,,,,,8.68,,,,,,,,,,,,,,,,,,,,,,,,,,
9/17/2021,,Low,7.5,A,26.66,,,,,22.7,,,,,,,,,8.83,,,,,,,,,,,,,,,,,,,,,,,,,,
9/17/2021,,Low,7.5,B,26.63,,,,,22.7,,,,,,,,,8.83,,,,,,,,,,,,,,,,,,,,,,,,,,
9/17/2021,,Low,7.5,C,26.63,,,,,22.7,,,,,,,,,8.81,,,,,,,,,,,,,,,,,,,,,,,,,,
9/17/2021,,Low,7.5,D,26.65,,,,,22.7,,,,,,,,,8.77,,,,,,,,,,,,,,,,,,,,,,,,,,
9/17/2021,,Low,8,A,26.61,,,,,22.6,,,,,,,,,8.65,,,,,,,,,,,,,,,,,,,,,,,,,,
9/17/2021,,Low,8,B,26.61,,,,,22.6,,,,,,,,,8.74,,,,,,,,,,,,,,,,,,,,,,,,,,
9/17/2021,,Low,8,C,26.59,,,,,22.7,,,,,,,,,8.77,,,,,,,,,,,,,,,,,,,,,,,,,,
9/17/2021,,Low,8,D,26.59,,,,,22.7,,,,,,,,,8.82,,,,,,,,,,,,,,,,,,,,,,,,,,
9/18/2021,,Low,7.5,A,26.5,,,,,22.4,,,,,,,,,8.81,,,,,,,,,,,,,,,,,,,,,,,,,,
9/18/2021,,Low,7.5,B,26.49,,,,,22.4,,,,,,,,,8.77,,,,,,,,,,,,,,,,,,,,,,,,,,
9/18/2021,,Low,7.5,C,26.5,,,,,22.4,,,,,,,,,8.78,,,,,,,,,,,,,,,,,,,,,,,,,,
9/18/2021,,Low,7.5,D,26.75,,,,,22.2,,,,,,,,,8.56,,,,,,,,,,,,,,,,,,,,,,,,,,
9/18/2021,,Low,8,A,26.46,,,,,22.4,,,,,,,,,8.73,,,,,,,,,,,,,,,,,,,,,,,,,,
9/18/2021,,Low,8,B,26.5,,,,,22.3,,,,,,,,,8.74,,,,,,,,,,,,,,,,,,,,,,,,,,
9/18/2021,,Low,8,C,26.51,,,,,22.4,,,,,,,,,8.73,,,,,,,,,,,,,,,,,,,,,,,,,,
9/18/2021,,Low,8,D,26.52,,,,,22.4,,,,,,,,,8.76,,,,,,,,,,,,,,,,,,,,,,,,,,
9/20/2021,,Low,7.5,A,26.26,,,,,22.2,,,,,,,,,8.81,,,,,,,,,,,,,,,,,,,,,,,,,,
9/20/2021,,Low,7.5,B,26.4,,,,,22.2,,,,,,,,,8.83,,,,,,,,,,,,,,,,,,,,,,,,,,
9/20/2021,,Low,7.5,C,26.24,,,,,22.2,,,,,,,,,8.88,,,,,,,,,,,,,,,,,,,,,,,,,,
9/20/2021,,Low,7.5,D,26.38,,,,,22.2,,,,,,,,,8.87,,,,,,,,,,,,,,,,,,,,,,,,,,
9/20/2021,,Low,8,A,26.34,,,,,22.1,,,,,,,,,8.76,,,,,,,,,,,,,,,,,,,,,,,,,,
9/20/2021,,Low,8,B,26.36,,,,,22,,,,,,,,,8.8,,,,,,,,,,,,,,,,,,,,,,,,,,
9/20/2021,,Low,8,C,26.36,,,,,22.1,,,,,,,,,8.79,,,,,,,,,,,,,,,,,,,,,,,,,,
9/20/2021,,Low,8,D,26.29,,,,,22.1,,,,,,,,,8.84,,,,,,,,,,,,,,,,,,,,,,,,,,
9/21/2021,,Low,7.5,A,26.63,,,,,21.9,,,,,,,,,8.94,,,,,,,,,,,,,,,,,,,,,,,,,,
9/21/2021,,Low,7.5,B,26.59,,,,,22,,,,,,,,,8.89,,,,,,,,,,,,,,,,,,,,,,,,,,
9/21/2021,,Low,7.5,C,26.59,,,,,21.9,,,,,,,,,8.77,,,,,,,,,,,,,,,,,,,,,,,,,,
9/21/2021,,Low,7.5,D,26.61,,,,,22,,,,,,,,,8.79,,,,,,,,,,,,,,,,,,,,,,,,,,
9/21/2021,,Low,8,A,26.53,,,,,22,,,,,,,,,8.91,,,,,,,,,,,,,,,,,,,,,,,,,,
9/21/2021,,Low,8,B,25.46,,,,,22,,,,,,,,,8.91,,,,,,,,,,,,,,,,,,,,,,,,,,
9/21/2021,,Low,8,C,26.59,,,,,22,,,,,,,,,8.9,,,,,,,,,,,,,,,,,,,,,,,,,,
9/21/2021,,Low,8,D,26.59,,,,,22,,,,,,,,,8.93,,,,,,,,,,,,,,,,,,,,,,,,,,
9/22/2021,,Low,7.5,A,26.41,,,,,22,,,,,,,,,8.67,,,,,,,,,,,,,,,,,,,,,,,,,,
9/22/2021,,Low,7.5,B,26.26,,,,,22.1,,,,,,,,,8.77,,,,,,,,,,,,,,,,,,,,,,,,,,
9/22/2021,,Low,7.5,C,26.35,,,,,22.1,,,,,,,,,8.77,,,,,,,,,,,,,,,,,,,,,,,,,,
9/22/2021,,Low,7.5,D,26.36,,,,,22.1,,,,,,,,,8.7,,,,,,,,,,,,,,,,,,,,,,,,,,
9/22/2021,,Low,8,A,26.26,,,,,22.1,,,,,,,,,8.8,,,,,,,,,,,,,,,,,,,,,,,,,,
9/22/2021,,Low,8,B,26.35,,,,,22.1,,,,,,,,,8.81,,,,,,,,,,,,,,,,,,,,,,,,,,
9/22/2021,,Low,8,C,26.37,,,,,22.1,,,,,,,,,8.78,,,,,,,,,,,,,,,,,,,,,,,,,,
9/22/2021,,Low,8,D,26.29,,,,,22.1,,,,,,,,,8.81,,,,,,,,,,,,,,,,,,,,,,,,,,
9/23/2021,,Low,7.5,A,26.56,20.37,1,0,0,22.4,,1851.35,1763.11,7.734,7.706,822.5,1.75,1.12,8.58,,,,,,,,,,,,,,,,,,,,,,,,,,
9/23/2021,,Low,7.5,B,26.42,20.29,1,0,0,22.5,,1837,1763.63,7.7335,7.703,830,1.75,1.11,8.61,,,,,,,,,,,,,,,,,,,,,,,,,,
9/23/2021,,Low,7.5,C,26.5,20.29,1,0,0,22.4,,1839.1,1763.64,7.7448,7.715,804.8,1.79,1.14,8.57,,,,,,,,,,,,,,,,,,,,,,,,,,
9/23/2021,,Low,7.5,D,26.43,20.24,1,0,0,22.3,,1844.99,1761.24,7.76119,7.732,772.2,1.85,1.18,8.54,,,,,,,,,,,,,,,,,,,,,,,,,,
9/23/2021,,Low,8,A,26.46,20.23,1,0,0,22.5,,1834.49,1720.44,7.8821,7.849,571.3,2.36,1.51,8.73,,,,,,,,,,,,,,,,,,,,,,,,,,
9/23/2021,,Low,8,B,26.44,20.14,1,0,0,22.5,,1835.33,1715.31,7.8912,7.857,559.2,2.39,1.53,8.69,,,,,,,,,,,,,,,,,,,,,,,,,,
9/23/2021,,Low,8,C,26.44,20.21,1,0,0,22.5,,1828.98,1717.77,7.8828,7.85,570,2.36,1.5,8.67,,,,,,,,,,,,,,,,,,,,,,,,,,
9/23/2021,,Low,8,D,26.44,20.23,1,0,0,22.5,,1833.46,1717.01,7.883,7.85,569.1,2.36,1.51,8.69,,,,,,,,,,,,,,,,,,,,,,,,,,
9/24/2021,,Low,7.5,A,26.07,20.03,1,0,0,22.6,,1822.831,1746.927,7.723,7.687,855.4,1.67,1.06,8.62,,,,,,,,,,,,,,,,,,,,,,,,,,
9/24/2021,,Low,7.5,B,26.3,,,,,22.7,,,,,,,,,8.68,,,,,,,,,,,,,,,,,,,,,,,,,,
9/24/2021,,Low,7.5,C,26.32,,,,,22.7,,,,,,,,,8.61,,,,,,,,,,,,,,,,,,,,,,,,,,
9/24/2021,,Low,7.5,D,26.34,,,,,22.7,,,,,,,,,8.56,,,,,,,,,,,,,,,,,,,,,,,,,,
9/24/2021,,Low,8,A,26.28,20.1,1,0,0,22.6,,1758.32,1696.519,7.989,7.952,440.2,2.91,1.86,8.59,,,,,,,,,,,,,,,,,,,,,,,,,,
9/24/2021,,Low,8,B,26.29,,,,,22.7,,,,,,,,,8.71,,,,,,,,,,,,,,,,,,,,,,,,,,
9/24/2021,,Low,8,C,26.3,,,,,22.7,,,,,,,,,8.7,,,,,,,,,,,,,,,,,,,,,,,,,,
9/24/2021,,Low,8,D,26.16,,,,,22.7,,,,,,,,,8.71,,,,,,,,,,,,,,,,,,,,,,,,,,
9/25/2021,,Low,7.5,A,26.11,19.83,1,0,0,22.5,1,1830.915,1755.706,7.77,7.732,772.4,1.85,1.18,8.63,,814.3,1.12,,,,,,,,,,,,,,,,,,,,,,,
9/25/2021,,Low,7.5,B,26.2,19.55,1,0,0,22.5,1,1828.204,1756.202,7.77,7.728,779.2,1.83,1.17,8.61,,838.6,1.09,,,,,,,,,,,,,,,,,,,,,,,
9/25/2021,,Low,7.5,C,26.21,19.61,1,0,0,22.4,1,1830.603,1755.849,7.77,7.731,774.5,1.84,1.17,8.64,,816.4,1.11,,,,,,,,,,,,,,,,,,,,,,,
9/25/2021,,Low,7.5,D,26.2,19.67,1,0,0,22.4,1,1828.312,1757.731,7.77,7.732,773.9,1.84,1.17,8.56,,846.5,1.08,,,,,,,,,,,,,,,,,,,,,,,
9/25/2021,,Low,8,A,26.19,19.72,1,0,0,22.5,1,1830.594,1719.057,7.89,7.85,571.7,2.35,1.5,8.79,,595.2,1.44,,,,,,,,,,,,,,,,,,,,,,,
9/25/2021,,Low,8,B,26.09,19.86,1,0,0,22.4,1,1842.374,1721.445,7.88,7.843,581.6,2.31,1.47,8.71,,553.7,1.54,,,,,,,,,,,,,,,,,,,,,,,
9/25/2021,,Low,8,C,26.2,19.89,1,0,0,22.4,1,1825.1,1721.98,7.88,7.844,580.6,2.31,1.47,8.74,,633.2,1.36,,,,,,,,,,,,,,,,,,,,,,,
9/25/2021,,Low,8,D,26.19,19.7,1,0,0,22.5,1,1833.294,1719.611,7.88,7.839,586,2.3,1.46,8.76,,586.2,1.46,,,,,,,,,,,,,,,,,,,,,,,
9/28/2021,,Low,7.5,A,26.46,,,,,21.4,,,,,,,,,8.8,,,,,,,,,,,,,,,,,,,,,,,,,,
9/28/2021,,Low,7.5,B,26.4,,,,,21.4,,,,,,,,,8.84,,,,,,,,,,,,,,,,,,,,,,,,,,
9/28/2021,,Low,7.5,C,26.4,,,,,21.3,,,,,,,,,8.8,,,,,,,,,,,,,,,,,,,,,,,,,,
9/28/2021,,Low,7.5,D,26.45,,,,,21.3,,,,,,,,,8.71,,,,,,,,,,,,,,,,,,,,,,,,,,
9/28/2021,,Low,8,A,26.45,,,,,21.3,,,,,,,,,8.85,,,,,,,,,,,,,,,,,,,,,,,,,,
9/28/2021,,Low,8,B,26.37,,,,,21.4,,,,,,,,,8.8,,,,,,,,,,,,,,,,,,,,,,,,,,
9/28/2021,,Low,8,C,26.42,,,,,21.4,,,,,,,,,8.81,,,,,,,,,,,,,,,,,,,,,,,,,,
9/28/2021,,Low,8,D,26.46,,,,,21.4,,,,,,,,,8.85,,,,,,,,,,,,,,,,,,,,,,,,,,
9/29/2021,,Low,7.5,A,27.06,,,,,21.7,,,,,,,,,9.02,,,,,,,,,,,,,,,,,,,,,,,,,,
9/29/2021,,Low,7.5,B,27.06,,,,,21.6,,,,,,,,,8.86,,,,,,,,,,,,,,,,,,,,,,,,,,
9/29/2021,,Low,7.5,C,27.06,,,,,21.6,,,,,,,,,8.88,,,,,,,,,,,,,,,,,,,,,,,,,,
9/29/2021,,Low,7.5,D,27.01,,,,,21.6,,,,,,,,,8.95,,,,,,,,,,,,,,,,,,,,,,,,,,
9/29/2021,,Low,8,A,27.07,,,,,21.6,,,,,,,,,8.82,,,,,,,,,,,,,,,,,,,,,,,,,,
9/29/2021,,Low,8,B,27.14,,,,,21.5,,,,,,,,,8.66,,,,,,,,,,,,,,,,,,,,,,,,,,
9/29/2021,,Low,8,C,27.1,,,,,21.6,,,,,,,,,8.84,,,,,,,,,,,,,,,,,,,,,,,,,,
9/29/2021,,Low,8,D,27.07,,,,,21.6,,,,,,,,,8.86,,,,,,,,,,,,,,,,,,,,,,,,,,
9/30/2021,,Low,7.5,A,27.27,,,,,21.4,,,,,,,,,8.94,,,,,,,,,,,,,,,,,,,,,,,,,,
9/30/2021,,Low,7.5,B,27.29,,,,,21.4,,,,,,,,,8.95,,,,,,,,,,,,,,,,,,,,,,,,,,
9/30/2021,,Low,7.5,C,27.25,,,,,21.4,,,,,,,,,8.95,,,,,,,,,,,,,,,,,,,,,,,,,,
9/30/2021,,Low,7.5,D,27.24,,,,,21.3,,,,,,,,,8.94,,,,,,,,,,,,,,,,,,,,,,,,,,
9/30/2021,,Low,8,A,27.27,,,,,21.4,,,,,,,,,8.92,,,,,,,,,,,,,,,,,,,,,,,,,,
9/30/2021,,Low,8,B,27.29,,,,,21.4,,,,,,,,,8.88,,,,,,,,,,,,,,,,,,,,,,,,,,
9/30/2021,,Low,8,C,27.3,,,,,21.4,,,,,,,,,8.96,,,,,,,,,,,,,,,,,,,,,,,,,,
9/30/2021,,Low,8,D,27.27,,,,,21.4,,,,,,,,,8.8,,,,,,,,,,,,,,,,,,,,,,,,,,
10/01/2021,,Low,7.5,A,27.17,,,,,20.4,,,,,,,,,9.17,,,,,,,,,,,,,,,,,,,,,,,,,,
10/01/2021,,Low,7.5,B,27.15,,,,,20.5,,,,,,,,,9.17,,,,,,,,,,,,,,,,,,,,,,,,,,
10/01/2021,,Low,7.5,C,27.15,,,,,20.5,,,,,,,,,9.04,,,,,,,,,,,,,,,,,,,,,,,,,,
10/01/2021,,Low,7.5,D,26.95,,,,,20.5,,,,,,,,,9.18,,,,,,,,,,,,,,,,,,,,,,,,,,
10/01/2021,,Low,8,A,27.14,,,,,20.5,,,,,,,,,9.12,,,,,,,,,,,,,,,,,,,,,,,,,,
10/01/2021,,Low,8,B,27.11,,,,,20.4,,,,,,,,,9.1,,,,,,,,,,,,,,,,,,,,,,,,,,
10/01/2021,,Low,8,C,27.15,,,,,20.4,,,,,,,,,9.1,,,,,,,,,,,,,,,,,,,,,,,,,,
10/01/2021,,Low,8,D,27.08,,,,,20.5,,,,,,,,,9.1,,,,,,,,,,,,,,,,,,,,,,,,,,
10/02/2021,,Low,7.5,A,26.98,,,,,21.2,,,,,,,,,8.88,,,,,,,,,,,,,,,,,,,,,,,,,,
10/02/2021,,Low,7.5,B,26.9,,,,,21.2,,,,,,,,,8.9,,,,,,,,,,,,,,,,,,,,,,,,,,
10/02/2021,,Low,7.5,C,26.97,,,,,21.3,,,,,,,,,8.9,,,,,,,,,,,,,,,,,,,,,,,,,,
10/02/2021,,Low,7.5,D,26.8,,,,,21.1,,,,,,,,,8.78,,,,,,,,,,,,,,,,,,,,,,,,,,
10/02/2021,,Low,8,A,26.92,,,,,21.2,,,,,,,,,8.97,,,,,,,,,,,,,,,,,,,,,,,,,,
10/02/2021,,Low,8,B,26.94,,,,,21.2,,,,,,,,,8.98,,,,,,,,,,,,,,,,,,,,,,,,,,
10/02/2021,,Low,8,C,26.6,,,,,21.3,,,,,,,,,9.06,,,,,,,,,,,,,,,,,,,,,,,,,,
10/02/2021,,Low,8,D,26.83,,,,,21.3,,,,,,,,,8.95,,,,,,,,,,,,,,,,,,,,,,,,,,
10/04/2021,,Low,7.5,A,26.62,,,,,21.7,,,,,,,,,8.85,,,,,,,,,,,,,,,,,,,,,,,,,,
10/04/2021,,Low,7.5,B,26.59,,,,,21.7,,,,,,,,,8.9,,,,,,,,,,,,,,,,,,,,,,,,,,
10/04/2021,,Low,7.5,C,26.47,,,,,21.7,,,,,,,,,8.8,,,,,,,,,,,,,,,,,,,,,,,,,,
10/04/2021,,Low,7.5,D,26.49,,,,,21.7,,,,,,,,,8.88,,,,,,,,,,,,,,,,,,,,,,,,,,
10/04/2021,,Low,8,A,26.58,,,,,21.7,,,,,,,,,8.84,,,,,,,,,,,,,,,,,,,,,,,,,,
10/04/2021,,Low,8,B,25.41,,,,,21.6,,,,,,,,,8.78,,,,,,,,,,,,,,,,,,,,,,,,,,
10/04/2021,,Low,8,C,26.55,,,,,21.7,,,,,,,,,8.92,,,,,,,,,,,,,,,,,,,,,,,,,,
10/04/2021,,Low,8,D,26.51,,,,,21.7,,,,,,,,,8.8,,,,,,,,,,,,,,,,,,,,,,,,,,
10/05/2021,,Low,7.5,A,25.19,,,,,21.1,,,,,,,,,9.01,,,,,,,,,,,,,,,,,,,,,,,,,,
10/05/2021,,Low,7.5,B,25.45,,,,,21.2,,,,,,,,,9.08,,,,,,,,,,,,,,,,,,,,,,,,,,
10/05/2021,,Low,7.5,C,25.46,,,,,21.2,,,,,,,,,9.07,,,,,,,,,,,,,,,,,,,,,,,,,,
10/05/2021,,Low,7.5,D,25.48,,,,,21.2,,,,,,,,,9.03,,,,,,,,,,,,,,,,,,,,,,,,,,
10/05/2021,,Low,8,A,25.49,,,,,21.1,,,,,,,,,9.1,,,,,,,,,,,,,,,,,,,,,,,,,,
10/05/2021,,Low,8,B,25.32,,,,,21.2,,,,,,,,,9.1,,,,,,,,,,,,,,,,,,,,,,,,,,
10/05/2021,,Low,8,C,25.49,,,,,21.2,,,,,,,,,9.07,,,,,,,,,,,,,,,,,,,,,,,,,,
10/05/2021,,Low,8,D,25.48,,,,,21.2,,,,,,,,,9.07,,,,,,,,,,,,,,,,,,,,,,,,,,
10/06/2021,,Low,7.5,A,24.62,19.83,1,0,0,21.5,1,1772.908,1698,7.69,7.667,877.9,1.44,0.91,9.12,,,721.2,1.1,,,,,,,,,,,,,,,,,,,,,,
10/06/2021,,Low,7.5,B,24.65,19.6,1,0,0,21.4,1,1769.412,1701,7.68,7.655,903.1,1.4,0.88,9.19,,,764.6,1.04,,,,,,,,,,,,,,,,,,,,,,
10/06/2021,,Low,7.5,C,24.65,19.51,1,0,0,21.4,1,1769.862,1700,7.7,7.674,864.2,1.46,0.92,9.12,,,753.4,1.05,,,,,,,,,,,,,,,,,,,,,,
10/06/2021,,Low,7.5,D,24.82,19.56,1,0,0,21.3,1,1766.423,1706,7.69,7.666,881.5,1.44,0.91,9.3,,,824.6,0.97,,,,,,,,,,,,,,,,,,,,,,
10/06/2021,,Low,8,A,24.43,20.15,1,0,0,21.4,1,1775.773,1660,7.84,7.822,596.3,1.97,1.24,9.1,,,498.4,1.47,,,,,,,,,,,,,,,,,,,,,,
10/06/2021,,Low,8,B,24.45,19.47,1,0,0,21.4,1,1770.608,1660,7.85,7.822,596.2,1.98,1.25,9.06,,,520.9,1.41,,,,,,,,,,,,,,,,,,,,,,
10/06/2021,,Low,8,C,24.55,19.2,1,0,0,21.4,1,1767.647,1659,7.86,7.828,586.7,2.01,1.26,9.17,,,528.4,1.39,,,,,,,,,,,,,,,,,,,,,,
10/06/2021,,Low,8,D,24.59,19.38,1,0,0,21.4,1,1771.918,1659,7.85,7.821,596.6,1.97,1.25,9.12,,,509.9,1.44,,,,,,,,,,,,,,,,,,,,,,
10/07/2021,,Low,7.5,A,25.14,,,,,21.3,,,,,,,,,9.02,,,,,,,,,,,,,,,,,,,,,,,,,,
10/07/2021,,Low,7.5,B,25.1,,,,,21.3,,,,,,,,,9.04,,,,,,,,,,,,,,,,,,,,,,,,,,
10/07/2021,,Low,7.5,C,25.17,,,,,21.3,,,,,,,,,9.03,,,,,,,,,,,,,,,,,,,,,,,,,,
10/07/2021,,Low,7.5,D,25.06,,,,,21.3,,,,,,,,,9.01,,,,,,,,,,,,,,,,,,,,,,,,,,
10/07/2021,,Low,8,A,25.13,,,,,21.3,,,,,,,,,9.05,,,,,,,,,,,,,,,,,,,,,,,,,,
10/07/2021,,Low,8,B,25.19,,,,,21.3,,,,,,,,,8.96,,,,,,,,,,,,,,,,,,,,,,,,,,
10/07/2021,,Low,8,C,25.02,,,,,21.3,,,,,,,,,9.12,,,,,,,,,,,,,,,,,,,,,,,,,,
10/07/2021,,Low,8,D,25.19,,,,,21.3,,,,,,,,,8.91,,,,,,,,,,,,,,,,,,,,,,,,,,
10/08/2021,,Low,7.5,A,25.57,,,,,21.3,,,,,,,,,9,,,,,,,,,,,,,,,,,,,,,,,,,,
10/08/2021,,Low,7.5,B,25.42,,,,,21.3,,,,,,,,,9.01,,,,,,,,,,,,,,,,,,,,,,,,,,
10/08/2021,,Low,7.5,C,25.54,,,,,21.3,,,,,,,,,9.03,,,,,,,,,,,,,,,,,,,,,,,,,,
10/08/2021,,Low,7.5,D,25.56,,,,,21.3,,,,,,,,,9.07,,,,,,,,,,,,,,,,,,,,,,,,,,
10/08/2021,,Low,8,A,25.14,,,,,21.3,,,,,,,,,9.06,,,,,,,,,,,,,,,,,,,,,,,,,,
10/08/2021,,Low,8,B,25.52,,,,,21.3,,,,,,,,,9.07,,,,,,,,,,,,,,,,,,,,,,,,,,
10/08/2021,,Low,8,C,25.54,,,,,21.3,,,,,,,,,9.07,,,,,,,,,,,,,,,,,,,,,,,,,,
10/08/2021,,Low,8,D,25.63,,,,,21.3,,,,,,,,,8.97,,,,,,,,,,,,,,,,,,,,,,,,,,
10/9/2021,,Low,7.5,A,25.65,,,,,21.4,,,,,,,,,9,,,,,,,,,,,,,,,,,,,,,,,,,,
10/9/2021,,Low,7.5,B,25.66,,,,,21.4,,,,,,,,,8.88,,,,,,,,,,,,,,,,,,,,,,,,,,
10/9/2021,,Low,7.5,C,25.67,,,,,21.4,,,,,,,,,8.99,,,,,,,,,,,,,,,,,,,,,,,,,,
10/9/2021,,Low,7.5,D,25.65,,,,,21.3,,,,,,,,,9.02,,,,,,,,,,,,,,,,,,,,,,,,,,
10/9/2021,,Low,8,A,25.66,,,,,21.4,,,,,,,,,9.01,,,,,,,,,,,,,,,,,,,,,,,,,,
10/9/2021,,Low,8,B,25.65,,,,,21.4,,,,,,,,,9.11,,,,,,,,,,,,,,,,,,,,,,,,,,
10/9/2021,,Low,8,C,25.65,,,,,21.3,,,,,,,,,9.08,,,,,,,,,,,,,,,,,,,,,,,,,,
10/9/2021,,Low,8,D,25.66,,,,,21.3,,,,,,,,,8.8,,,,,,,,,,,,,,,,,,,,,,,,,,
10/10/2021,,Low,7.5,A,26.43,,,,,21,,,,,,,,,9.03,,,,,,,,,,,,,,,,,,,,,,,,,,
10/10/2021,,Low,7.5,B,26.41,,,,,21,,,,,,,,,9.1,,,,,,,,,,,,,,,,,,,,,,,,,,
10/10/2021,,Low,7.5,C,26.41,,,,,21,,,,,,,,,9,,,,,,,,,,,,,,,,,,,,,,,,,,
10/10/2021,,Low,7.5,D,26.41,,,,,21,,,,,,,,,9.04,,,,,,,,,,,,,,,,,,,,,,,,,,
10/10/2021,,Low,8,A,26.18,,,,,21,,,,,,,,,9.05,,,,,,,,,,,,,,,,,,,,,,,,,,
10/10/2021,,Low,8,B,26.36,,,,,21,,,,,,,,,9.1,,,,,,,,,,,,,,,,,,,,,,,,,,
10/10/2021,,Low,8,C,26.38,,,,,21,,,,,,,,,9.12,,,,,,,,,,,,,,,,,,,,,,,,,,
10/10/2021,,Low,8,D,26.42,,,,,21,,,,,,,,,9.02,,,,,,,,,,,,,,,,,,,,,,,,,,
10/12/2021,,Low,7.5,A,26.54,19.73,1,0,0,21,1,1860.033,1743.638,7.84,7.822,613.5,2.13,1.35,9.05,,558.5,1.48,,,,,,,,,,,,,,,,,,,,,,,
10/12/2021,,Low,7.5,B,26.54,19.8,1,0,0,21,1,1853.629,1745.467,7.84,7.823,612.7,2.14,1.36,9.04,,594.1,1.4,,,,,,,,,,,,,,,,,,,,,,,
10/12/2021,,Low,7.5,C,26.55,19.77,1,0,0,21,1,1862.405,1744.276,7.845,7.827,605.6,2.16,1.37,9.03,,552.1,1.49,,,,,,,,,,,,,,,,,,,,,,,
10/12/2021,,Low,7.5,D,26.38,19.76,1,0,0,21,1,1860.903,1744.285,7.844,7.826,608.2,2.15,1.36,9.01,,555.6,1.48,,,,,,,,,,,,,,,,,,,,,,,
10/12/2021,,Low,8,A,26.52,19.61,1,0,0,21,1,1855.751,1732.51,7.88,7.86,556.7,2.3,1.46,9.04,,526.5,1.54,,,,,,,,,,,,,,,,,,,,,,,
10/12/2021,,Low,8,B,26.55,19.71,1,0,0,21,1,1855.421,1727.661,7.894,7.875,534.8,2.38,1.51,8.98,,508.4,1.58,,,,,,,,,,,,,,,,,,,,,,,
10/12/2021,,Low,8,C,26.55,19.62,1,0,0,21,1,1854.732,1724.307,7.894,7.874,535.5,2.36,1.5,9.02,,497.6,1.61,,,,,,,,,,,,,,,,,,,,,,,
10/12/2021,,Low,8,D,26.55,19.88,1,0,0,21,1,1847.103,1726.051,7.894,7.878,531.1,2.39,1.52,9.01,,532.1,1.52,,,,,,,,,,,,,,,,,,,,,,,
10/13/2021,,Low,7.5,A,26.49,,,,,21.3,,,,,,,,,8.99,,,,,,,,,,,,,,,,,,,,,,,,,,
10/13/2021,,Low,7.5,B,26.55,,,,,21.3,,,,,,,,,8.94,,,,,,,,,,,,,,,,,,,,,,,,,,
10/13/2021,,Low,7.5,C,26.49,,,,,21.3,,,,,,,,,8.8,,,,,,,,,,,,,,,,,,,,,,,,,,
10/13/2021,,Low,7.5,D,26.43,,,,,21.3,,,,,,,,,8.97,,,,,,,,,,,,,,,,,,,,,,,,,,
10/13/2021,,Low,8,A,26.37,,,,,21.3,,,,,,,,,8.96,,,,,,,,,,,,,,,,,,,,,,,,,,
10/13/2021,,Low,8,B,26.5,,,,,21.2,,,,,,,,,8.96,,,,,,,,,,,,,,,,,,,,,,,,,,
10/13/2021,,Low,8,C,26.38,,,,,21.3,,,,,,,,,9.01,,,,,,,,,,,,,,,,,,,,,,,,,,
10/13/2021,,Low,8,D,26.69,,,,,20.9,,,,,,,,,8.89,,,,,,,,,,,,,,,,,,,,,,,,,,
10/13/2021,checking the system,Low,,D,26.43,20.07,1,0,0,21.3,1,,1739,7.811,7.793,656,2.01,1.28,,,,,,,,,,,,,,,,,,,,,,,,,,,
10/13/2021,checking the system,Low,,B,26.55,20.08,1,0,0,21.3,1,,1744,7.806,7.789,665,2,1.27,,,,,,,,,,,,,,,,,,,,,,,,,,,
10/14/2021,,Low,7.5,A,26.63,20.48,1,0,0,21.4,1,,1753.62,7.728211,7.715,792.4,1.72,1.09,8.84,,,,,,,,,,,,,,,,,,,,,,,,,,
10/14/2021,,Low,7.5,B,26.66,20.3,1,0,0,21.4,1,,1751.79,7.744493,7.729,766.2,1.77,1.13,8.8,,,,,,,,,,,,,,,,,,,,,,,,,,
10/14/2021,,Low,7.5,C,26.66,20.44,1,0,0,21.4,1,,1755.06,7.739957,7.727,772.2,1.77,1.12,8.92,,,,,,,,,,,,,,,,,,,,,,,,,,
10/14/2021,,Low,7.5,D,26.66,20.32,1,0,0,21.4,1,,1753.49,7.714668,7.7,821.9,1.66,1.06,8.69,,,,,,,,,,,,,,,,,,,,,,,,,,
10/14/2021,,Low,8,A,26.63,,,,,21.4,,,,,,,,,8.99,,,,,,,,,,,,,,,,,,,,,,,,,,
10/14/2021,,Low,8,B,26.62,,,,,21.4,,,,,,,,,8.87,,,,,,,,,,,,,,,,,,,,,,,,,,
10/14/2021,,Low,8,C,26.61,,,,,21.4,,,,,,,,,8.9,,,,,,,,,,,,,,,,,,,,,,,,,,
10/14/2021,,Low,8,D,26.66,,,,,21.4,,,,,,,,,8.9,,,,,,,,,,,,,,,,,,,,,,,,,,
10/15/2021,,Low,7.5,A,26.69,,,,,21.5,,,,,,,,,8.83,,,,,,,,,,,,,,,,,,,,,,,,,,
10/15/2021,,Low,7.5,B,26.75,,,,,21.5,,,,,,,,,8.83,,,,,,,,,,,,,,,,,,,,,,,,,,
10/15/2021,checking the system,Low,7.5,C,26.74,20.39,1,0,0,21.5,1,1860.628,1807.796,7.748,7.732,787,1.85,1.18,8.87,,1001.3,0.94,,,,,,,,,,,,,,,,,,,,,,,
10/15/2021,,Low,7.5,D,26.6,,,,,21.5,,,,,,,,,8.83,,,,,,,,,,,,,,,,,,,,,,,,,,
10/15/2021,,Low,8,A,26.74,,,,,21.5,,,,,,,,,8.85,,,,,,,,,,,,,,,,,,,,,,,,,,
10/15/2021,,Low,8,B,26.79,,,,,21.4,,,,,,,,,8.74,,,,,,,,,,,,,,,,,,,,,,,,,,
10/15/2021,,Low,8,C,26.25,,,,,21.5,,,,,,,,,8.87,,,,,,,,,,,,,,,,,,,,,,,,,,
10/15/2021,,Low,8,D,26.67,,,,,21.5,,,,,,,,,8.8,,,,,,,,,,,,,,,,,,,,,,,,,,
10/16/2021,,Low,7.5,A,26.69,,,,,21.8,,,,,,,,,8.8,,,,,,,,,,,,,,,,,,,,,,,,,,
10/16/2021,,Low,7.5,B,26.7,,,,,21.8,,,,,,,,,8.8,,,,,,,,,,,,,,,,,,,,,,,,,,
10/16/2021,,Low,7.5,C,26.69,,,,,21.8,,,,,,,,,8.77,,,,,,,,,,,,,,,,,,,,,,,,,,
10/16/2021,,Low,7.5,D,26.57,,,,,21.8,,,,,,,,,8.88,,,,,,,,,,,,,,,,,,,,,,,,,,
10/16/2021,,Low,8,A,26.67,,,,,21.7,,,,,,,,,8.77,,,,,,,,,,,,,,,,,,,,,,,,,,
10/16/2021,,Low,8,B,26.69,,,,,21.7,,,,,,,,,8.79,,,,,,,,,,,,,,,,,,,,,,,,,,
10/16/2021,,Low,8,C,26.68,,,,,21.7,,,,,,,,,8.86,,,,,,,,,,,,,,,,,,,,,,,,,,
10/16/2021,,Low,8,D,26.4,,,,,21.7,,,,,,,,,8.56,,,,,,,,,,,,,,,,,,,,,,,,,,
10/18/2021,,Low,7.5,A,26.28,,,,,21.1,,,,,,,,,8.95,,,,,,,,,,,,,,,,,,,,,,,,,,
10/18/2021,,Low,7.5,B,26.29,,,,,21.1,,,,,,,,,8.92,,,,,,,,,,,,,,,,,,,,,,,,,,
10/18/2021,,Low,7.5,C,26.25,,,,,21.1,,,,,,,,,8.96,,,,,,,,,,,,,,,,,,,,,,,,,,
10/18/2021,,Low,7.5,D,25.27,,,,,21.1,,,,,,,,,8.92,,,,,,,,,,,,,,,,,,,,,,,,,,
10/18/2021,,Low,8,A,26.18,,,,,21.1,,,,,,,,,8.85,,,,,,,,,,,,,,,,,,,,,,,,,,
10/18/2021,,Low,8,B,26.26,,,,,21.1,,,,,,,,,8.92,,,,,,,,,,,,,,,,,,,,,,,,,,
10/18/2021,,Low,8,C,26.29,,,,,21.1,,,,,,,,,9,,,,,,,,,,,,,,,,,,,,,,,,,,
10/18/2021,,Low,8,D,26.31,,,,,21.1,,,,,,,,,9.84,,,,,,,,,,,,,,,,,,,,,,,,,,
10/19/2021,,Low,7.5,A,26.26,,,,,19.7,,,,,,,,,9.31,,,,,,,,,,,,,,,,,,,,,,,,,,
10/19/2021,,Low,7.5,B,26.24,,,,,19.8,,,,,,,,,9.25,,,,,,,,,,,,,,,,,,,,,,,,,,
10/19/2021,,Low,7.5,C,26.25,,,,,19.6,,,,,,,,,9.23,,,,,,,,,,,,,,,,,,,,,,,,,,
10/19/2021,,Low,7.5,D,26.25,,,,,19.6,,,,,,,,,9.12,,,,,,,,,,,,,,,,,,,,,,,,,,
10/19/2021,,Low,8,A,26.27,,,,,19.6,,,,,,,,,9.32,,,,,,,,,,,,,,,,,,,,,,,,,,
10/19/2021,,Low,8,B,26.13,,,,,19.7,,,,,,,,,9.2,,,,,,,,,,,,,,,,,,,,,,,,,,
10/19/2021,,Low,8,C,26.25,,,,,19.7,,,,,,,,,9.27,,,,,,,,,,,,,,,,,,,,,,,,,,
10/19/2021,,Low,8,D,26.48,,,,,19,,,,,,,,,9.02,,,,,,,,,,,,,,,,,,,,,,,,,,
10/20/2021,,Low,7.5,A,26.51,20.1,1,0,0,19.6,1,1879.137,1768.233,7.746,7.753,727.1,1.76,1.11,9.18,,561.2,1.42,,,,,,,,,,,,,,,,,,,,,,,
10/20/2021,,Low,7.5,B,26.52,20,1,0,0,19.6,1,1877.801,1775.132,7.754,7.76,718.6,1.79,1.13,9.19,,600.3,1.34,,,,,,,,,,,,,,,,,,,,,,,
10/20/2021,,Low,7.5,C,26.49,19.84,1,0,0,19.6,1,1874.492,1772.507,7.755,7.758,719.9,1.78,1.13,9.2,,601.6,1.34,,,,,,,,,,,,,,,,,,,,,,,
10/20/2021,,Low,7.5,D,26.51,19.93,1,0,0,19.6,1,1873.494,1773.597,7.758,7.763,712.9,1.8,1.14,9.17,,612.1,1.32,,,,,,,,,,,,,,,,,,,,,,,
10/20/2021,,Low,8,A,26.51,20.09,1,0,0,19.6,1,1872.362,1725.969,7.907,7.914,483.3,2.45,1.55,9.18,,423,1.75,,,,,,,,,,,,,,,,,,,,,,,
10/20/2021,,Low,8,B,26.52,20.03,1,0,0,19.6,1,1872.058,1724.775,7.902,7.908,489.8,2.42,1.53,9.22,,420.2,1.76,,,,,,,,,,,,,,,,,,,,,,,
10/20/2021,,Low,8,C,26.54,20.17,1,0,0,19.5,1,1874.956,1724.756,7.907,7.917,479.5,2.46,1.56,9.3,,410.9,1.79,,,,,,,,,,,,,,,,,,,,,,,
10/20/2021,,Low,8,D,26.52,19.99,1,0,0,19.5,1,1871.287,1722.766,7.903,7.91,486.8,2.42,1.53,9.29,,414.4,1.77,,,,,,,,,,,,,,,,,,,,,,,
10/21/2021,,Low,7.5,A,26.74,,,,,20.3,,,,,,,,,9.29,,,,,,,,,,,,,,,,,,,,,,,,,,
10/21/2021,,Low,7.5,B,26.75,,,,,20.3,,,,,,,,,9.29,,,,,,,,,,,,,,,,,,,,,,,,,,
10/21/2021,,Low,7.5,C,26.95,,,,,20.1,,,,,,,,,9.27,,,,,,,,,,,,,,,,,,,,,,,,,,
10/21/2021,,Low,7.5,D,26.69,,,,,20.3,,,,,,,,,9.31,,,,,,,,,,,,,,,,,,,,,,,,,,
10/21/2021,,Low,8,A,26.67,,,,,20.4,,,,,,,,,9.21,,,,,,,,,,,,,,,,,,,,,,,,,,
10/21/2021,,Low,8,B,26.65,,,,,20.4,,,,,,,,,9.16,,,,,,,,,,,,,,,,,,,,,,,,,,
10/21/2021,,Low,8,C,26.68,,,,,20.4,,,,,,,,,930,,,,,,,,,,,,,,,,,,,,,,,,,,
10/21/2021,,Low,8,D,26.67,,,,,20.4,,,,,,,,,9.29,,,,,,,,,,,,,,,,,,,,,,,,,,
10/22/2021,,Low,7.5,A,26.5,,,,,20.7,,,,,,,,,9.04,,,,,,,,,,,,,,,,,,,,,,,,,,
10/22/2021,,Low,7.5,B,26.51,,,,,20.7,,,,,,,,,9.13,,,,,,,,,,,,,,,,,,,,,,,,,,
10/22/2021,,Low,7.5,C,26.5,,,,,20.7,,,,,,,,,9.13,,,,,,,,,,,,,,,,,,,,,,,,,,
10/22/2021,,Low,7.5,D,26.39,,,,,20.7,,,,,,,,,9.11,,,,,,,,,,,,,,,,,,,,,,,,,,
10/22/2021,,Low,8,A,26.46,,,,,20.7,,,,,,,,,9.15,,,,,,,,,,,,,,,,,,,,,,,,,,
10/22/2021,,Low,8,B,26.38,,,,,20.7,,,,,,,,,9.03,,,,,,,,,,,,,,,,,,,,,,,,,,
10/22/2021,,Low,8,C,26.42,,,,,20.7,,,,,,,,,9.03,,,,,,,,,,,,,,,,,,,,,,,,,,
10/22/2021,,Low,8,D,26.51,,,,,20.7,,,,,,,,,9,,,,,,,,,,,,,,,,,,,,,,,,,,
10/27/2021,,Low,7.5,A,25.42,19.75,1,0,0,19.5,1,1780.92,1695,7.823,7.827,590.9,1.93,1.22,9.12,,620.9,1.16,,,,,,,,,,,,,,,,,,,,,,,
10/27/2021,,Low,7.5,B,25.47,19.69,1,0,0,19.5,1,1784.775,1703,7.787,7.79,647.7,1.79,1.13,9.26,,648,1.13,,,,,,,,,,,,,,,,,,,,,,,
10/27/2021,,Low,7.5,C,25.45,19.7,1,0,0,19.6,1,1783.365,1697,7.817,7.818,603.4,1.91,1.2,9.33,,622.6,1.17,,,,,,,,,,,,,,,,,,,,,,,
10/27/2021,,Low,7.5,D,25.46,20.28,1,0,0,19.6,1,1787.885,1702,7.788,7.798,635.6,1.83,1.15,9.36,,627.8,1.17,,,,,,,,,,,,,,,,,,,,,,,
10/27/2021,,Low,8,A,25.45,19.94,1,0,0,19.5,1,1787.219,1684,7.848,7.854,549.3,2.04,1.29,9.29,,535.4,1.32,,,,,,,,,,,,,,,,,,,,,,,
10/27/2021,,Low,8,B,25.35,19.89,1,0,0,19.5,1,1786.615,1683,7.852,7.858,545.3,2.05,1.29,9.3,,531.9,1.32,,,,,,,,,,,,,,,,,,,,,,,
10/27/2021,,Low,8,C,25.45,20.1,1,0,0,19.5,1,1781.897,1681,7.841,7.85,554.5,2.02,1.27,9.26,,543.8,1.3,,,,,,,,,,,,,,,,,,,,,,,
10/27/2021,,Low,8,D,25.45,20.36,1,0,0,19.6,1,1784.919,1679,7.847,7.858,543.3,2.06,1.3,9.43,,524.1,1.34,,,,,,,,,,,,,,,,,,,,,,,
9/16/2021,,High,7.5,A,26.56,,,,,23.3,,,,,,,,,9.06,,,,,,,,,,,,,,,,,,,,,,,,,,
9/16/2021,,High,7.5,B,26.52,,,,,23.3,,,,,,,,,9.11,,,,,,,,,,,,,,,,,,,,,,,,,,
9/16/2021,,High,7.5,C,26.53,,,,,23.2,,,,,,,,,9.21,,,,,,,,,,,,,,,,,,,,,,,,,,
9/16/2021,,High,7.5,D,26.56,,,,,23.2,,,,,,,,,8.95,,,,,,,,,,,,,,,,,,,,,,,,,,
9/16/2021,,High,8,A,26.58,,,,,23.2,,,,,,,,,9.18,,,,,,,,,,,,,,,,,,,,,,,,,,
9/16/2021,,High,8,B,26.53,,,,,23.2,,,,,,,,,9.3,,,,,,,,,,,,,,,,,,,,,,,,,,
9/16/2021,,High,8,C,26.56,,,,,23.2,,,,,,,,,9.2,,,,,,,,,,,,,,,,,,,,,,,,,,
9/16/2021,,High,8,D,26.45,,,,,23.2,,,,,,,,,9.08,,,,,,,,,,,,,,,,,,,,,,,,,,
9/17/2021,,High,7.5,A,26.5,,,,,22.7,,,,,,,,,9.11,,,,,,,,,,,,,,,,,,,,,,,,,,
9/17/2021,,High,7.5,B,26.58,,,,,22.7,,,,,,,,,9.31,,,,,,,,,,,,,,,,,,,,,,,,,,
9/17/2021,,High,7.5,C,26.65,,,,,22.7,,,,,,,,,9.22,,,,,,,,,,,,,,,,,,,,,,,,,,
9/17/2021,,High,7.5,D,26.66,,,,,22.7,,,,,,,,,9.2,,,,,,,,,,,,,,,,,,,,,,,,,,
9/17/2021,,High,8,A,26.48,,,,,227,,,,,,,,,9.34,,,,,,,,,,,,,,,,,,,,,,,,,,
9/17/2021,,High,8,B,26.63,,,,,227,,,,,,,,,9.34,,,,,,,,,,,,,,,,,,,,,,,,,,
9/17/2021,,High,8,C,26.63,,,,,22.7,,,,,,,,,9.21,,,,,,,,,,,,,,,,,,,,,,,,,,
9/17/2021,,High,8,D,26.48,,,,,22.6,,,,,,,,,9.29,,,,,,,,,,,,,,,,,,,,,,,,,,
9/18/2021,,High,7.5,A,26.54,,,,,22.4,,,,,,,,,9.13,,,,,,,,,,,,,,,,,,,,,,,,,,
9/18/2021,,High,7.5,B,26.26,,,,,22.4,,,,,,,,,9.2,,,,,,,,,,,,,,,,,,,,,,,,,,
9/18/2021,,High,7.5,C,26.46,,,,,224.4,,,,,,,,,9.28,,,,,,,,,,,,,,,,,,,,,,,,,,
9/18/2021,,High,7.5,D,26.49,,,,,22.4,,,,,,,,,9.13,,,,,,,,,,,,,,,,,,,,,,,,,,
9/18/2021,,High,8,A,26.53,,,,,22.3,,,,,,,,,9.26,,,,,,,,,,,,,,,,,,,,,,,,,,
9/18/2021,,High,8,B,25.6,,,,,22.3,,,,,,,,,9.28,,,,,,,,,,,,,,,,,,,,,,,,,,
9/18/2021,,High,8,C,26.45,,,,,22.3,,,,,,,,,9.24,,,,,,,,,,,,,,,,,,,,,,,,,,
9/18/2021,,High,8,D,26.51,,,,,22.3,,,,,,,,,9.22,,,,,,,,,,,,,,,,,,,,,,,,,,
9/20/2021,,High,7.5,A,26.33,,,,,22.2,,,,,,,,,9.35,,,,,,,,,,,,,,,,,,,,,,,,,,
9/20/2021,,High,7.5,B,26.29,,,,,22.2,,,,,,,,,9.31,,,,,,,,,,,,,,,,,,,,,,,,,,
9/20/2021,,High,7.5,C,26.38,,,,,22.2,,,,,,,,,9.44,,,,,,,,,,,,,,,,,,,,,,,,,,
9/20/2021,,High,7.5,D,26.33,,,,,22.2,,,,,,,,,9.2,,,,,,,,,,,,,,,,,,,,,,,,,,
9/20/2021,,High,8,A,26.25,,,,,22.2,,,,,,,,,9.49,,,,,,,,,,,,,,,,,,,,,,,,,,
9/20/2021,,High,8,B,26.35,,,,,22.2,,,,,,,,,9.44,,,,,,,,,,,,,,,,,,,,,,,,,,
9/20/2021,,High,8,C,26.32,,,,,22.2,,,,,,,,,9.48,,,,,,,,,,,,,,,,,,,,,,,,,,
9/20/2021,,High,8,D,26.36,,,,,22.1,,,,,,,,,9.28,,,,,,,,,,,,,,,,,,,,,,,,,,
9/21/2021,,High,7.5,A,26.61,20.21,1,0,0,22,1,1847.441,1787.64,7.69,7.665,914.5,1.6,1.02,9.58,,,943.8,0.99,,,,,,,,,,,,,,,,,,,,,,
9/21/2021,,High,7.5,B,26.61,20.07,1,0,0,22,1,1852.994,1787.24,7.699,7.672,899.5,1.63,1.04,9.36,,,896.5,1.04,,,,,,,,,,,,,,,,,,,,,,
9/21/2021,,High,7.5,C,26.62,19.98,1,0,0,22,1,1848.759,1788.139,7.7,7.672,900.4,1.63,1.04,9.65,,,937.7,1,,,,,,,,,,,,,,,,,,,,,,
9/21/2021,,High,7.5,D,26.65,20,1,0,0,22,1,1852.947,1791.448,7.7,7.672,901.2,1.63,1.04,9.45,,,933.5,1.01,,,,,,,,,,,,,,,,,,,,,,
9/21/2021,,High,8,A,26.59,19.94,1,0,0,22,1,1846.039,1749.318,7.83,7.8,650.4,2.12,1.35,9.43,,,676.7,1.3,,,,,,,,,,,,,,,,,,,,,,
9/21/2021,,High,8,B,26.45,19.85,1,0,0,22,1,1839.18,1745.732,7.83,7.799,651.9,2.1,1.34,9.42,,,689.6,1.27,,,,,,,,,,,,,,,,,,,,,,
9/21/2021,,High,8,C,26.52,19.95,1,0,0,22.1,1,1845.551,1746.86,7.841,7.81,635.5,2.17,1.38,9.44,,,666.5,1.32,,,,,,,,,,,,,,,,,,,,,,
9/21/2021,,High,8,D,26.03,20.16,1,0,0,22,1,1843.11,1750.868,7.823,7.797,660.2,2.08,1.32,9.52,,,691.8,1.27,,,,,,,,,,,,,,,,,,,,,,
9/22/2021,,High,7.5,A,26.33,,,,,22.1,,,,,,,,,9.45,,,,,,,,,,,,,,,,,,,,,,,,,,
9/22/2021,,High,7.5,B,26.35,,,,,22.1,,,,,,,,,9.39,,,,,,,,,,,,,,,,,,,,,,,,,,
9/22/2021,,High,7.5,C,26.34,,,,,22.1,,,,,,,,,9.43,,,,,,,,,,,,,,,,,,,,,,,,,,
9/22/2021,,High,7.5,D,26.36,,,,,22.1,,,,,,,,,9.41,,,,,,,,,,,,,,,,,,,,,,,,,,
9/22/2021,,High,8,A,26.34,,,,,22.1,,,,,,,,,9.4,,,,,,,,,,,,,,,,,,,,,,,,,,
9/22/2021,,High,8,B,26.34,,,,,22.1,,,,,,,,,9.45,,,,,,,,,,,,,,,,,,,,,,,,,,
9/22/2021,,High,8,C,26.33,,,,,22.2,,,,,,,,,9.42,,,,,,,,,,,,,,,,,,,,,,,,,,
9/22/2021,,High,8,D,26.35,,,,,22.2,,,,,,,,,9.39,,,,,,,,,,,,,,,,,,,,,,,,,,
9/23/2021,,High,7.5,A,26.38,,,,,22.5,,,,,,,,,9.22,,,,,,,,,,,,,,,,,,,,,,,,,,
9/23/2021,,High,7.5,B,26.49,,,,,22.5,,,,,,,,,9.27,,,,,,,,,,,,,,,,,,,,,,,,,,
9/23/2021,,High,7.5,C,26.38,,,,,22.5,,,,,,,,,9.28,,,,,,,,,,,,,,,,,,,,,,,,,,
9/23/2021,,High,7.5,D,26.48,,,,,22.5,,,,,,,,,9.15,,,,,,,,,,,,,,,,,,,,,,,,,,
9/23/2021,,High,8,A,26.48,,,,,22.3,,,,,,,,,9.16,,,,,,,,,,,,,,,,,,,,,,,,,,
9/23/2021,,High,8,B,26.45,,,,,22.5,,,,,,,,,9.09,,,,,,,,,,,,,,,,,,,,,,,,,,
9/23/2021,,High,8,C,26.45,,,,,22.5,,,,,,,,,9.15,,,,,,,,,,,,,,,,,,,,,,,,,,
9/23/2021,,High,8,D,26.44,,,,,22.5,,,,,,,,,9.19,,,,,,,,,,,,,,,,,,,,,,,,,,
9/24/2021,,High,7.5,A,26.24,20.25,1,0,0,22.7,1,1832.503,1728.328,7.784,7.749,730.3,1.91,1.22,9.31,"Problem with the mass flow controller it was negative, the CO2 was not being push forward, we fixed it",,,,,,,,,,,,,,,,,,,,,,,,,
9/24/2021,,High,7.5,B,26.35,,,,,22.7,,,,,,,,,9.25,,,,,,,,,,,,,,,,,,,,,,,,,,
9/24/2021,,High,7.5,C,26.34,,,,,22.7,,,,,,,,,9.32,,,,,,,,,,,,,,,,,,,,,,,,,,
9/24/2021,,High,7.5,D,26.36,,,,,22.7,,,,,,,,,9.32,,,,,,,,,,,,,,,,,,,,,,,,,,
9/24/2021,,High,8,A,26.34,20.05,1,0,0,22.7,1,1830.962,1725.51,7.814,7.776,683.5,2.03,1.29,9.16,,,,,,,,,,,,,,,,,,,,,,,,,,
9/24/2021,,High,8,B,26.32,,,,,22.7,,,,,,,,,9.18,,,,,,,,,,,,,,,,,,,,,,,,,,
9/24/2021,,High,8,C,26.32,,,,,22.7,,,,,,,,,9.12,,,,,,,,,,,,,,,,,,,,,,,,,,
9/24/2021,,High,8,D,26.33,,,,,22.7,,,,,,,,,9.18,,,,,,,,,,,,,,,,,,,,,,,,,,
9/25/2021,,High,7.5,A,26.23,,,,,22.3,,,,,,,,,9.28,,,,,,,,,,,,,,,,,,,,,,,,,,
9/25/2021,,High,7.5,B,26.26,,,,,22.3,,,,,,,,,9.15,,,,,,,,,,,,,,,,,,,,,,,,,,
9/25/2021,,High,7.5,C,26.2,,,,,22.4,,,,,,,,,9.2,,,,,,,,,,,,,,,,,,,,,,,,,,
9/25/2021,,High,7.5,D,26.27,,,,,22.4,,,,,,,,,9.27,,,,,,,,,,,,,,,,,,,,,,,,,,
9/25/2021,,High,8,A,26.22,,,,,22.4,,,,,,,,,9.18,,,,,,,,,,,,,,,,,,,,,,,,,,
9/25/2021,,High,8,B,26.2,,,,,22.5,,,,,,,,,9.19,,,,,,,,,,,,,,,,,,,,,,,,,,
9/25/2021,,High,8,C,26.21,,,,,22.5,,,,,,,,,9.21,,,,,,,,,,,,,,,,,,,,,,,,,,
9/25/2021,,High,8,D,26.2,,,,,22.5,,,,,,,,,9.3,,,,,,,,,,,,,,,,,,,,,,,,,,
9/28/2021,,High,7.5,A,26.41,19.87,1,0,0,21.4,1,1834.603,1770.959,7.72,7.699,836.5,1.66,1.06,9.24,,,878,1.01,,,,,,,,,,,,,,,,,,,,,,
9/28/2021,,High,7.5,B,26.4,19.88,1,0,0,21.3,1,1827.829,1770.157,7.722,7.702,828.9,1.67,1.06,9.16,,,920.9,0.96,,,,,,,,,,,,,,,,,,,,,,
9/28/2021,,High,7.5,C,26.48,19.85,1,0,0,21.3,1,1833.786,1764.865,7.729,7.709,813.2,1.69,1.08,9.15,,,833.5,1.05,,,,,,,,,,,,,,,,,,,,,,
9/28/2021,,High,7.5,D,26.42,19.82,1,0,0,21.4,1,1797.736,1769.135,7.723,7.701,831.1,1.67,1.06,9.26,,,1206.9,0.74,,,,,,,,,,,,,,,,,,,,,,
9/28/2021,,High,8,A,26.46,20.06,1,0,0,21.3,1,1834.569,1731.503,7.836,7.818,615.8,2.12,1.35,9.19,,,615.9,1.35,,,,,,,,,,,,,,,,,,,,,,
9/28/2021,,High,8,B,26.48,19.97,1,0,0,21.3,1,1833.338,1729.172,7.86,7.841,582.5,2.23,1.42,9.4,,,609.9,1.36,,,,,,,,,,,,,,,,,,,,,,
9/28/2021,,High,8,C,26.47,20.01,1,0,0,21.3,1,1835.302,1730.576,7.86,7.841,582.2,2.23,1.42,9.29,,,607.9,1.36,,,,,,,,,,,,,,,,,,,,,,
9/28/2021,,High,8,D,26.47,20.02,1,0,0,21.3,1,1834.877,1731.474,7.871,7.852,567.3,2.29,1.45,9.37,,,614.5,1.35,,,,,,,,,,,,,,,,,,,,,,
9/29/2021,,High,7.5,A,27.08,,,,,21.6,,,,,,,,,9.22,,,,,,,,,,,,,,,,,,,,,,,,,,
9/29/2021,,High,7.5,B,27.06,,,,,21.6,,,,,,,,,9.17,,,,,,,,,,,,,,,,,,,,,,,,,,
9/29/2021,,High,7.5,C,27.07,,,,,21.6,,,,,,,,,9.26,,,,,,,,,,,,,,,,,,,,,,,,,,
9/29/2021,,High,7.5,D,27.09,,,,,21.6,,,,,,,,,9.23,,,,,,,,,,,,,,,,,,,,,,,,,,
9/29/2021,,High,8,A,27.07,,,,,21.6,,,,,,,,,9.33,,,,,,,,,,,,,,,,,,,,,,,,,,
9/29/2021,,High,8,B,27.05,,,,,21.5,,,,,,,,,9.19,,,,,,,,,,,,,,,,,,,,,,,,,,
9/29/2021,,High,8,C,27.09,,,,,21.5,,,,,,,,,9.14,,,,,,,,,,,,,,,,,,,,,,,,,,
9/29/2021,,High,8,D,27.08,,,,,21.5,,,,,,,,,9.25,,,,,,,,,,,,,,,,,,,,,,,,,,
9/30/2021,,High,7.5,A,27.23,,,,,21.4,,,,,,,,,9.17,,,,,,,,,,,,,,,,,,,,,,,,,,
9/30/2021,,High,7.5,B,27.42,,,,,21.2,,,,,,,,,9.21,,,,,,,,,,,,,,,,,,,,,,,,,,
9/30/2021,,High,7.5,C,27.23,,,,,21.4,,,,,,,,,9.29,,,,,,,,,,,,,,,,,,,,,,,,,,
9/30/2021,,High,7.5,D,27.19,,,,,21.4,,,,,,,,,9.43,,,,,,,,,,,,,,,,,,,,,,,,,,
9/30/2021,,High,8,A,27.19,,,,,21.3,,,,,,,,,9.35,,,,,,,,,,,,,,,,,,,,,,,,,,
9/30/2021,,High,8,B,27.3,,,,,21.3,,,,,,,,,9.32,,,,,,,,,,,,,,,,,,,,,,,,,,
9/30/2021,,High,8,C,27.29,,,,,21.3,,,,,,,,,9.34,,,,,,,,,,,,,,,,,,,,,,,,,,
9/30/2021,,High,8,D,27.22,,,,,21.3,,,,,,,,,9.36,,,,,,,,,,,,,,,,,,,,,,,,,,
10/01/2021,,High,7.5,A,27.12,,,,,20.5,,,,,,,,,9.45,,,,,,,,,,,,,,,,,,,,,,,,,,
10/01/2021,,High,7.5,B,27.15,,,,,20.5,,,,,,,,,9.46,,,,,,,,,,,,,,,,,,,,,,,,,,
10/01/2021,,High,7.5,C,27.14,,,,,20.5,,,,,,,,,9.53,,,,,,,,,,,,,,,,,,,,,,,,,,
10/01/2021,,High,7.5,D,27.14,,,,,20.5,,,,,,,,,9.55,,,,,,,,,,,,,,,,,,,,,,,,,,
10/01/2021,,High,8,A,27.08,,,,,20.5,,,,,,,,,9.51,,,,,,,,,,,,,,,,,,,,,,,,,,
10/01/2021,,High,8,B,27.1,,,,,20.5,,,,,,,,,9.61,,,,,,,,,,,,,,,,,,,,,,,,,,
10/01/2021,,High,8,C,27.08,,,,,20.5,,,,,,,,,9.51,,,,,,,,,,,,,,,,,,,,,,,,,,
10/01/2021,,High,8,D,27.06,,,,,20.5,,,,,,,,,9.52,,,,,,,,,,,,,,,,,,,,,,,,,,
10/02/2021,,High,7.5,A,26.88,,,,,21.3,,,,,,,,,9.36,,,,,,,,,,,,,,,,,,,,,,,,,,
10/02/2021,,High,7.5,B,26.99,,,,,21.3,,,,,,,,,9.36,,,,,,,,,,,,,,,,,,,,,,,,,,
10/02/2021,,High,7.5,C,26.96,,,,,21.3,,,,,,,,,9.39,,,,,,,,,,,,,,,,,,,,,,,,,,
10/02/2021,,High,7.5,D,26.93,,,,,21.3,,,,,,,,,9.27,,,,,,,,,,,,,,,,,,,,,,,,,,
10/02/2021,,High,8,A,26.95,,,,,21.2,,,,,,,,,9.39,,,,,,,,,,,,,,,,,,,,,,,,,,
10/02/2021,,High,8,B,26.91,,,,,21.2,,,,,,,,,9.41,,,,,,,,,,,,,,,,,,,,,,,,,,
10/02/2021,,High,8,C,26.91,,,,,21.2,,,,,,,,,9.31,,,,,,,,,,,,,,,,,,,,,,,,,,
10/02/2021,,High,8,D,26.86,,,,,21.2,,,,,,,,,9.45,,,,,,,,,,,,,,,,,,,,,,,,,,
10/04/2021,,High,7.5,A,26.59,,,,,21.7,,,,,,,,,9.9,,,,,,,,,,,,,,,,,,,,,,,,,,
10/04/2021,,High,7.5,B,26.44,,,,,21.7,,,,,,,,,9.33,,,,,,,,,,,,,,,,,,,,,,,,,,
10/04/2021,,High,7.5,C,26.63,,,,,21.7,,,,,,,,,9.3,,,,,,,,,,,,,,,,,,,,,,,,,,
10/04/2021,,High,7.5,D,26.64,,,,,21.7,,,,,,,,,9.3,,,,,,,,,,,,,,,,,,,,,,,,,,
10/04/2021,,High,8,A,26.46,,,,,21.7,,,,,,,,,9.28,,,,,,,,,,,,,,,,,,,,,,,,,,
10/04/2021,,High,8,B,26.49,,,,,21.7,,,,,,,,,9.32,,,,,,,,,,,,,,,,,,,,,,,,,,
10/04/2021,,High,8,C,26.41,,,,,21.7,,,,,,,,,9.32,,,,,,,,,,,,,,,,,,,,,,,,,,
10/04/2021,,High,8,D,26.54,,,,,21.7,,,,,,,,,9.37,,,,,,,,,,,,,,,,,,,,,,,,,,
10/05/2021,,High,7.5,A,25.28,,,,,21.2,,,,,,,,,9.48,,,,,,,,,,,,,,,,,,,,,,,,,,
10/05/2021,,High,7.5,B,25.27,,,,,21.2,,,,,,,,,9.35,,,,,,,,,,,,,,,,,,,,,,,,,,
10/05/2021,,High,7.5,C,25.3,,,,,21.2,,,,,,,,,9.33,,,,,,,,,,,,,,,,,,,,,,,,,,
10/05/2021,,High,7.5,D,25.31,,,,,21.2,,,,,,,,,9.44,,,,,,,,,,,,,,,,,,,,,,,,,,
10/05/2021,,High,8,A,24.6,,,,,21.2,,,,,,,,,9.54,,,,,,,,,,,,,,,,,,,,,,,,,,
10/05/2021,,High,8,B,25.17,,,,,21.2,,,,,,,,,9.54,,,,,,,,,,,,,,,,,,,,,,,,,,
10/05/2021,,High,8,C,25.25,,,,,21.2,,,,,,,,,9.53,,,,,,,,,,,,,,,,,,,,,,,,,,
10/05/2021,,High,8,D,25.83,,,,,21.2,,,,,,,,,9.65,,,,,,,,,,,,,,,,,,,,,,,,,,
10/06/2021,,High,7.5,A,24.58,19.92,1,0,0,21.5,1,1774.241,1721,7.6,7.579,1092.7,1.19,0.75,9.52,,,895.8,0.91,,,,,,,,,,,,,,,,,,,,,,
10/06/2021,,High,7.5,B,24.49,19.82,1,0,0,21.5,1,1774.197,1721,7.6,7.578,1097,1.19,0.75,9.54,,,896.2,0.91,,,,,,,,,,,,,,,,,,,,,,
10/06/2021,,High,7.5,C,24.63,19.86,1,0,0,21.4,1,1768.499,1715,7.621,7.601,1035.3,1.24,0.78,9.52,,,888.1,0.91,,,,,,,,,,,,,,,,,,,,,,
10/06/2021,,High,7.5,D,24.67,19.95,1,0,0,21.4,1,1770.878,1717,7.61,7.591,1059.4,1.22,0.77,9.52,,,881.8,0.92,,,,,,,,,,,,,,,,,,,,,,
10/06/2021,,High,8,A,24.53,20.02,1,0,0,21.4,1,1763.689,1671,7.78,7.761,693.9,1.74,1.09,9.67,,,603.9,1.25,,,,,,,,,,,,,,,,,,,,,,
10/06/2021,,High,8,B,24.57,19.86,1,0,0,21.4,1,1775.588,1674,7.78,7.758,698.8,1.73,1.09,9.44,,,566.2,1.33,,,,,,,,,,,,,,,,,,,,,,
10/06/2021,,High,8,C,24.48,19.71,1,0,0,21.4,1,1769.353,1674,7.79,7.766,686.6,1.76,1.11,9.58,,,594.6,1.27,,,,,,,,,,,,,,,,,,,,,,
10/06/2021,,High,8,D,24.59,19.68,1,0,0,21.4,1,1770.645,1673,7.79,7.766,686.3,1.76,1.11,9.55,,,585.9,1.29,,,,,,,,,,,,,,,,,,,,,,
10/07/2021,,High,7.5,A,25.14,,,,,21.4,,,,,,,,,9.4,,,,,,,,,,,,,,,,,,,,,,,,,,
10/07/2021,,High,7.5,B,25.08,,,,,21.4,,,,,,,,,9.34,,,,,,,,,,,,,,,,,,,,,,,,,,
10/07/2021,,High,7.5,C,25.14,,,,,21.4,,,,,,,,,9.27,,,,,,,,,,,,,,,,,,,,,,,,,,
10/07/2021,,High,7.5,D,25.14,,,,,21.4,,,,,,,,,9.22,,,,,,,,,,,,,,,,,,,,,,,,,,
10/07/2021,,High,8,A,25.16,,,,,21.4,,,,,,,,,9.51,,,,,,,,,,,,,,,,,,,,,,,,,,
10/07/2021,,High,8,B,25.11,,,,,21.4,,,,,,,,,9.58,,,,,,,,,,,,,,,,,,,,,,,,,,
10/07/2021,,High,8,C,25.14,,,,,21.4,,,,,,,,,9.51,,,,,,,,,,,,,,,,,,,,,,,,,,
10/07/2021,,High,8,D,25.13,,,,,21.4,,,,,,,,,9.52,,,,,,,,,,,,,,,,,,,,,,,,,,
10/08/2021,,High,7.5,A,25.64,,,,,21.3,,,,,,,,,9.34,,,,,,,,,,,,,,,,,,,,,,,,,,
10/08/2021,,High,7.5,B,25.59,,,,,21.3,,,,,,,,,9.4,,,,,,,,,,,,,,,,,,,,,,,,,,
10/08/2021,,High,7.5,C,25.67,,,,,21.3,,,,,,,,,9.34,,,,,,,,,,,,,,,,,,,,,,,,,,
10/08/2021,,High,7.5,D,25.58,,,,,21.3,,,,,,,,,9.29,,,,,,,,,,,,,,,,,,,,,,,,,,
10/08/2021,,High,8,A,25.6,,,,,21.3,,,,,,,,,9.5,,,,,,,,,,,,,,,,,,,,,,,,,,
10/08/2021,,High,8,B,25.53,,,,,21.4,,,,,,,,,9.41,,,,,,,,,,,,,,,,,,,,,,,,,,
10/08/2021,,High,8,C,25.56,,,,,21.4,,,,,,,,,10.27,,,,,,,,,,,,,,,,,,,,,,,,,,
10/08/2021,,High,8,D,25.52,,,,,21.3,,,,,,,,,9.46,,,,,,,,,,,,,,,,,,,,,,,,,,
10/09/2021,,High,7.5,A,25.75,,,,,21.3,,,,,,,,,9.45,,,,,,,,,,,,,,,,,,,,,,,,,,
10/09/2021,,High,7.5,B,25.75,,,,,21.4,,,,,,,,,9.32,,,,,,,,,,,,,,,,,,,,,,,,,,
10/09/2021,,High,7.5,C,25.36,,,,,21.3,,,,,,,,,9.28,,,,,,,,,,,,,,,,,,,,,,,,,,
10/09/2021,,High,7.5,D,25.67,,,,,21.4,,,,,,,,,9.09,,,,,,,,,,,,,,,,,,,,,,,,,,
10/09/2021,,High,8,A,25.68,,,,,21.4,,,,,,,,,9.4,,,,,,,,,,,,,,,,,,,,,,,,,,
10/09/2021,,High,8,B,25.64,,,,,21.4,,,,,,,,,9.53,,,,,,,,,,,,,,,,,,,,,,,,,,
10/09/2021,,High,8,C,25.64,,,,,21.4,,,,,,,,,9.45,,,,,,,,,,,,,,,,,,,,,,,,,,
10/10/2021,,High,8,D,25.67,,,,,21.4,,,,,,,,,9.48,,,,,,,,,,,,,,,,,,,,,,,,,,
10/10/2021,,High,7.5,A,26.46,,,,,21,,,,,,,,,9.51,,,,,,,,,,,,,,,,,,,,,,,,,,
10/10/2021,,High,7.5,B,26.4,,,,,20.9,,,,,,,,,9.66,,,,,,,,,,,,,,,,,,,,,,,,,,
10/10/2021,,High,7.5,C,26.46,,,,,21,,,,,,,,,9.61,,,,,,,,,,,,,,,,,,,,,,,,,,
10/10/2021,,High,7.5,D,26.39,,,,,21,,,,,,,,,9.51,,,,,,,,,,,,,,,,,,,,,,,,,,
10/10/2021,,High,8,A,26.41,,,,,21,,,,,,,,,9.59,,,,,,,,,,,,,,,,,,,,,,,,,,
10/10/2021,,High,8,B,26.39,,,,,21,,,,,,,,,9.59,,,,,,,,,,,,,,,,,,,,,,,,,,
10/10/2021,,High,8,C,26.33,,,,,21.1,,,,,,,,,9.46,,,,,,,,,,,,,,,,,,,,,,,,,,
10/10/2021,,High,8,D,26.43,,,,,21,,,,,,,,,9.57,,,,,,,,,,,,,,,,,,,,,,,,,,
10/12/2021,,High,7.5,A,26.56,20.07,1,0,0,20.9,1,1861.344,1791.054,7.707,7.695,849.1,1.64,1.05,9.4,,,829,1.07,,,,,,,,,,,,,,,,,,,,,,
10/12/2021,,High,7.5,B,26.53,20.1,1,0,0,20.9,1,1866.746,1790.301,7.694,7.683,874.3,1.6,1.01,9.47,,,786.5,1.12,,,,,,,,,,,,,,,,,,,,,,
10/12/2021,,High,7.5,C,26.55,20.06,1,0,0,20.9,1,1865.386,1788.681,7.703,7.691,856.3,1.63,1.03,9.44,,,784.3,1.12,,,,,,,,,,,,,,,,,,,,,,
10/12/2021,,High,7.5,D,26.41,19.92,1,0,0,21,1,1860.922,1789.291,7.7,7.685,870.8,1.61,1.02,9.22,,,818.9,1.08,,,,,,,,,,,,,,,,,,,,,,
10/12/2021,,High,8,A,26.53,20.03,1,0,0,21,1,1847.103,1748.973,7.844,7.83,603.4,2.18,1.38,9.53,,,642.7,1.3,,,,,,,,,,,,,,,,,,,,,,
10/12/2021,,High,8,B,26.56,20.04,1,0,0,21,1,1861.256,1740.341,7.86,7.846,577.6,2.25,1.43,9.44,,,539.5,1.52,,,,,,,,,,,,,,,,,,,,,,
10/12/2021,,High,8,C,26.41,19.91,1,0,0,21,1,1861.368,1748.01,7.84,7.824,612,2.14,1.36,9.42,,,571.2,1.45,,,,,,,,,,,,,,,,,,,,,,
10/12/2021,,High,8,D,26.54,20.1,1,0,0,21,1,1860.086,1743.733,7.86,7.847,577.6,2.25,1.43,9.53,,,558.7,1.48,,,,,,,,,,,,,,,,,,,,,,
10/13/2021,,High,7.5,A,26.53,,,,,21.1,,,,,,,,,9.32,,,,,,,,,,,,,,,,,,,,,,,,,,
10/13/2021,,High,7.5,B,26.5,,,,,21.2,,,,,,,,,9.44,,,,,,,,,,,,,,,,,,,,,,,,,,
10/13/2021,,High,7.5,C,26.53,,,,,21.2,,,,,,,,,9.41,,,,,,,,,,,,,,,,,,,,,,,,,,
10/13/2021,,High,7.5,D,26.39,,,,,21.2,,,,,,,,,9.24,,,,,,,,,,,,,,,,,,,,,,,,,,
10/13/2021,,High,8,A,26.2,,,,,21.3,,,,,,,,,9.41,,,,,,,,,,,,,,,,,,,,,,,,,,
10/13/2021,,High,8,B,26.52,,,,,21.2,,,,,,,,,9.27,,,,,,,,,,,,,,,,,,,,,,,,,,
10/13/2021,,High,8,C,26.43,,,,,21.3,,,,,,,,,9.45,,,,,,,,,,,,,,,,,,,,,,,,,,
10/13/2021,,High,8,D,26.47,,,,,21.2,,,,,,,,,9.41,,,,,,,,,,,,,,,,,,,,,,,,,,
10/14/2021,,High,7.5,A,26.66,,,,,21.4,,,,,,,,,9.32,,,,,,,,,,,,,,,,,,,,,,,,,,
10/14/2021,,High,7.5,B,26.58,,,,,21.4,,,,,,,,,9.38,,,,,,,,,,,,,,,,,,,,,,,,,,
10/14/2021,,High,7.5,C,26.66,,,,,21.4,,,,,,,,,9.43,,,,,,,,,,,,,,,,,,,,,,,,,,
10/14/2021,,High,7.5,D,26.67,,,,,21.4,,,,,,,,,9.4,,,,,,,,,,,,,,,,,,,,,,,,,,
10/14/2021,,High,8,A,26.61,,,,,21.4,,,,,,,,,9.36,,,,,,,,,,,,,,,,,,,,,,,,,,
10/14/2021,,High,8,B,26.64,,,,,21.5,,,,,,,,,9.22,,,,,,,,,,,,,,,,,,,,,,,,,,
10/14/2021,,High,8,C,26.66,,,,,21.4,,,,,,,,,9.29,,,,,,,,,,,,,,,,,,,,,,,,,,
10/14/2021,,High,8,D,26.66,,,,,21.4,,,,,,,,,9.34,,,,,,,,,,,,,,,,,,,,,,,,,,
10/15/2021,,High,7.5,A,26.75,,,,,21.5,,,,,,,,,9.21,,,,,,,,,,,,,,,,,,,,,,,,,,
10/15/2021,,High,7.5,B,26.62,,,,,21.5,,,,,,,,,9.33,,,,,,,,,,,,,,,,,,,,,,,,,,
10/15/2021,,High,7.5,C,26.74,,,,,21.4,,,,,,,,,9.26,,,,,,,,,,,,,,,,,,,,,,,,,,
10/15/2021,,High,7.5,D,26.72,,,,,21.5,,,,,,,,,9.08,,,,,,,,,,,,,,,,,,,,,,,,,,
10/15/2021,,High,8,A,26.74,,,,,21.5,,,,,,,,,9.18,,,,,,,,,,,,,,,,,,,,,,,,,,
10/15/2021,,High,8,B,26.7,,,,,21.5,,,,,,,,,9.27,,,,,,,,,,,,,,,,,,,,,,,,,,
10/15/2021,,High,8,C,26.56,,,,,21.5,,,,,,,,,9.19,,,,,,,,,,,,,,,,,,,,,,,,,,
10/15/2021,,High,8,D,26.73,,,,,21.5,,,,,,,,,9.25,,,,,,,,,,,,,,,,,,,,,,,,,,
10/16/2021,,High,7.5,A,26.61,,,,,21.8,,,,,,,,,9.09,,,,,,,,,,,,,,,,,,,,,,,,,,
10/16/2021,,High,7.5,B,26.64,,,,,21.8,,,,,,,,,9.2,,,,,,,,,,,,,,,,,,,,,,,,,,
10/16/2021,,High,7.5,C,26.64,,,,,21.7,,,,,,,,,9.17,,,,,,,,,,,,,,,,,,,,,,,,,,
10/16/2021,,High,7.5,D,26.7,,,,,21.8,,,,,,,,,9.22,,,,,,,,,,,,,,,,,,,,,,,,,,
10/16/2021,,High,8,A,26.68,,,,,21.7,,,,,,,,,9.09,,,,,,,,,,,,,,,,,,,,,,,,,,
10/16/2021,,High,8,B,26.71,,,,,21.7,,,,,,,,,9.08,,,,,,,,,,,,,,,,,,,,,,,,,,
10/16/2021,,High,8,C,26.68,,,,,21.8,,,,,,,,,9.21,,,,,,,,,,,,,,,,,,,,,,,,,,
10/16/2021,,High,8,D,26.49,,,,,21.8,,,,,,,,,9.14,,,,,,,,,,,,,,,,,,,,,,,,,,
10/18/2021,,High,7.5,A,26.11,,,,,20.9,,,,,,,,,8.99,,,,,,,,,,,,,,,,,,,,,,,,,,
10/18/2021,,High,7.5,B,26.24,,,,,21.1,,,,,,,,,9.45,,,,,,,,,,,,,,,,,,,,,,,,,,
10/18/2021,,High,7.5,C,26.23,,,,,21.2,,,,,,,,,9.43,,,,,,,,,,,,,,,,,,,,,,,,,,
10/18/2021,,High,7.5,D,26.26,,,,,21.1,,,,,,,,,9.33,,,,,,,,,,,,,,,,,,,,,,,,,,
10/18/2021,,High,8,A,26.23,,,,,21.2,,,,,,,,,9.37,,,,,,,,,,,,,,,,,,,,,,,,,,
10/18/2021,,High,8,B,26.18,,,,,21.1,,,,,,,,,9.35,,,,,,,,,,,,,,,,,,,,,,,,,,
10/18/2021,,High,8,C,26.2,,,,,21.1,,,,,,,,,9.35,,,,,,,,,,,,,,,,,,,,,,,,,,
10/18/2021,,High,8,D,26.08,,,,,21.1,,,,,,,,,9.31,,,,,,,,,,,,,,,,,,,,,,,,,,
10/19/2021,,High,7.5,A,26.23,19.47,1,0,0,19.6,,1869.955,1785.731,7.696,7.694,845.3,1.54,0.98,9.61,,,694.4,1.18,,,,,,,,,,,,,,,,,,,,,,
10/19/2021,,High,7.5,B,26.24,19.34,1,0,0,19.7,,1866.684,1784.708,7.708,7.703,828,1.58,1,9.7,,,709.5,1.16,,,,,,,,,,,,,,,,,,,,,,
10/19/2021,,High,7.5,C,26.24,19.22,1,0,0,19.7,,1873.322,1788.543,7.698,7.691,852.8,1.54,0.98,9.69,,,695.7,1.19,,,,,,,,,,,,,,,,,,,,,,
10/19/2021,,High,7.5,D,26.21,20.11,1,0,0,19.7,,1869.787,1787.397,7.691,7.697,841.9,1.56,0.99,9.6,,,708.1,1.16,,,,,,,,,,,,,,,,,,,,,,
10/19/2021,,High,8,A,26.19,19.81,1,0,0,19.8,,1876.599,1747.043,7.834,7.834,595,2.08,1.32,9.72,,,482.3,1.6,,,,,,,,,,,,,,,,,,,,,,
10/19/2021,,High,8,B,26.24,19.75,1,0,0,19.8,,1868.428,1740.424,7.849,7.848,572.8,2.14,1.36,9.64,,,485.2,1.58,,,,,,,,,,,,,,,,,,,,,,
10/19/2021,,High,8,C,26.22,19.73,1,0,0,19.8,,1868.818,1745.178,7.843,7.842,583.2,2.12,1.34,9.65,,,502.1,1.54,,,,,,,,,,,,,,,,,,,,,,
10/19/2021,,High,8,D,26.23,19.55,1,0,0,19.8,,1861.939,1743.322,7.845,7.841,583.4,2.11,1.34,9.64,,,519.6,1.49,,,,,,,,,,,,,,,,,,,,,,
10/20/2020,,High,7.5,A,26.47,,,,,19.5,,,,,,,,,9.65,,,,,,,,,,,,,,,,,,,,,,,,,,
10/20/2020,,High,7.5,B,26.45,,,,,19.6,,,,,,,,,9.69,,,,,,,,,,,,,,,,,,,,,,,,,,
10/20/2020,,High,7.5,C,26.5,,,,,19.6,,,,,,,,,9.67,,,,,,,,,,,,,,,,,,,,,,,,,,
10/20/2020,,High,7.5,D,26.41,,,,,19.6,,,,,,,,,9.51,,,,,,,,,,,,,,,,,,,,,,,,,,
10/20/2020,,High,8,A,26.51,,,,,19.6,,,,,,,,,9.58,,,,,,,,,,,,,,,,,,,,,,,,,,
10/20/2020,,High,8,B,26.52,,,,,19.6,,,,,,,,,9.73,,,,,,,,,,,,,,,,,,,,,,,,,,
10/20/2020,,High,8,C,26.51,,,,,19.6,,,,,,,,,9.55,,,,,,,,,,,,,,,,,,,,,,,,,,
10/20/2020,,High,8,D,26.51,,,,,19.6,,,,,,,,,9.62,,,,,,,,,,,,,,,,,,,,,,,,,,
10/21/2020,,High,7.5,A,26.71,,,,,20.2,,,,,,,,,9.13,,,,,,,,,,,,,,,,,,,,,,,,,,
10/21/2020,,High,7.5,B,26.63,,,,,20.3,,,,,,,,,9.24,,,,,,,,,,,,,,,,,,,,,,,,,,
10/21/2020,,High,7.5,C,26.61,,,,,20.3,,,,,,,,,9.2,,,,,,,,,,,,,,,,,,,,,,,,,,
10/21/2020,,High,7.5,D,26.65,,,,,20.3,,,,,,,,,9.17,,,,,,,,,,,,,,,,,,,,,,,,,,
10/21/2020,,High,8,A,26.72,,,,,20.3,,,,,,,,,9.18,,,,,,,,,,,,,,,,,,,,,,,,,,
10/21/2020,,High,8,B,26.72,,,,,20.3,,,,,,,,,9.16,,,,,,,,,,,,,,,,,,,,,,,,,,
10/21/2020,,High,8,C,26.61,,,,,20.4,,,,,,,,,9.19,,,,,,,,,,,,,,,,,,,,,,,,,,
10/21/2020,,High,8,D,26.79,,,,,20.3,,,,,,,,,9.22,,,,,,,,,,,,,,,,,,,,,,,,,,
10/22/2020,,High,7.5,A,26.47,,,,,20.7,,,,,,,,,9.1,,,,,,,,,,,,,,,,,,,,,,,,,,
10/22/2020,,High,7.5,B,26.42,,,,,20.7,,,,,,,,,9.14,,,,,,,,,,,,,,,,,,,,,,,,,,
10/22/2020,,High,7.5,C,26.51,,,,,20.7,,,,,,,,,9.03,,,,,,,,,,,,,,,,,,,,,,,,,,
10/22/2020,,High,7.5,D,26.5,,,,,20.7,,,,,,,,,9.13,,,,,,,,,,,,,,,,,,,,,,,,,,
10/22/2020,,High,8,A,26.51,,,,,20.7,,,,,,,,,9.11,,,,,,,,,,,,,,,,,,,,,,,,,,
10/22/2020,,High,8,B,26.49,,,,,20.7,,,,,,,,,9.14,,,,,,,,,,,,,,,,,,,,,,,,,,
10/22/2020,,High,8,C,26.38,,,,,20.7,,,,,,,,,9.11,,,,,,,,,,,,,,,,,,,,,,,,,,
10/22/2020,,High,8,D,26.48,,,,,20.7,,,,,,,,,9.17,,,,,,,,,,,,,,,,,,,,,,,,,,
10/27/2021,,High,7.5,A,25.33,20.01,1,0,0,19.6,1,1792.595,1730,7.72,7.726,766.6,1.58,0.99,9.34,,,782.8,0.97,,,,,,,,,,,,,,,,,,,,,,
10/27/2021,,High,7.5,B,25.32,19.82,1,0,0,19.6,1,1793.392,1728,7.728,7.731,756.2,1.59,1,9.3,,,762.1,1,,,,,,,,,,,,,,,,,,,,,,
10/27/2021,,High,7.5,C,25.45,19.85,1,0,0,19.5,1,1795.604,1726,7.725,7.73,756.1,1.59,1,9.3,,,732.6,1.03,,,,,,,,,,,,,,,,,,,,,,
10/27/2021,,High,7.5,D,25.45,19.83,1,0,0,19.6,1,1797.628,1727,7.724,7.727,761.7,1.58,1,9.32,,,729.4,1.04,,,,,,,,,,,,,,,,,,,,,,
10/27/2021,,High,8,A,25.31,19.74,1,0,0,19.5,1,1795.501,1687,7.861,7.864,537.9,2.09,1.31,9.26,,,513.5,1.37,,,,,,,,,,,,,,,,,,,,,,
10/27/2021,,High,8,B,25.38,19.85,1,0,0,19.5,1,1784.854,1684,7.863,7.868,532,2.1,1.33,9.29,,,544.4,1.3,,,,,,,,,,,,,,,,,,,,,,
10/27/2021,,High,8,C,25.45,19.79,1,0,0,19.6,1,1792.877,1687,7.87,7.873,526.9,2.14,1.35,9.31,,,528,1.35,,,,,,,,,,,,,,,,,,,,,,
10/27/2021,,High,8,D,25.45,19.78,1,0,0,19.5,1,1792.306,1685,7.881,7.885,510.8,2.19,1.38,9.33,,,519.2,1.36,,,,,,,,,,,,,,,,,,,,,,
